"","year","make","model","styling","acceleration","handling","fun_factor","cool_factor","features","comfort","quality","practicality","value","country","msrp","market_value","hp","torque","top_speed","zero_sixty","fuel","hybrid","displacement","cylinders","transmission","mpg","carplay","forced_induction","weekend_score","daily_score","total_score","car_id","rotary_engine"
"1",2020,"McLaren","Speedtail",8,10,10,10,10,7,4,7,2,6,"UK",2200000,NA,1036,848,250,2.9,"gas",1,4,8,"auto",15,0,1,48,26,74,"2020 McLaren Speedtail",FALSE
"2",1994,"McLaren","F1",8,9,10,10,10,2,3,9,3,10,"UK",20000000,NA,627,480,240,3.2,"gas",0,6.1,12,"manual",14,0,0,47,27,74,"1994 McLaren F1",FALSE
"3",2022,"Lucid","Air Dream Edition",7,10,6,7,8,9,8,7,5,6,"USA",170500,NA,1111,1025,168,2.6,"electric",0,NA,NA,"auto",111,1,NA,38,35,73,"2022 Lucid Air Dream Edition",FALSE
"4",2022,"GMC","Hummer EV Pickup",5,9,4,9,7,9,7,7,9,7,"USA",118000,NA,1000,1000,106,3,"electric",0,NA,NA,"auto",47,1,NA,34,39,73,"2022 GMC Hummer EV Pickup",FALSE
"5",2021,"Rivian","R1T",7,9,5,9,7,7,6,6,9,8,"USA",75000,NA,754,826,110,3.1,"electric",0,NA,NA,"auto",70,1,NA,37,36,73,"2021 Rivian R1T",FALSE
"6",2021,"Tesla","Model S Plaid",6,10,6,8,7,9,7,6,7,7,"USA",129990,NA,1020,1050,200,1.99,"electric",0,NA,NA,"auto",116,0,NA,37,36,73,"2021 Tesla Model S Plaid",FALSE
"7",2019,"Bugatti","Divo",8,10,9,10,10,6,5,7,1,7,"France",5800000,NA,1479,1180,236,2.4,"gas",0,8,16,"auto",10,0,1,47,26,73,"2019 Bugatti Divo",FALSE
"8",2021,"Bugatti","Chiron Pur Sport",9,10,9,10,10,6,5,7,1,6,"France",3600000,NA,1479,1180,217,2.3,"gas",0,8,16,"auto",10,0,1,48,25,73,"2021 Bugatti Chiron Pur Sport",FALSE
"9",2018,"Bugatti","Chiron",9,10,9,10,10,6,5,7,1,6,"France",3000000,NA,1479,1180,261,2.5,"gas",0,8,16,"auto",10,0,1,48,25,73,"2018 Bugatti Chiron",FALSE
"10",2020,"Ferrari","Monza SP1",9,10,10,10,10,5,2,8,1,7,"Italy",1800000,NA,789,530,186,2.9,"gas",0,6.5,12,"auto",13,0,0,49,23,72,"2020 Ferrari Monza SP1",FALSE
"11",2021,"Mercedes","AMG E63 Wagon",7,9,6,7,6,9,7,7,8,6,"Germany",112950,NA,603,627,186,3.3,"gas",0,4,8,"auto",19,1,1,35,37,72,"2021 Mercedes AMG E63 Wagon",FALSE
"12",2021,"Rimac","Nevera",7,10,10,10,10,7,3,6,2,7,"Croatia",2400000,NA,1914,1732,217,1.85,"electric",0,NA,NA,"auto",99,0,NA,47,25,72,"2021 Rimac Nevera",FALSE
"13",2021,"Koenigsegg","Regera",8,10,10,10,10,6,3,8,1,6,"Sweden",2000000,NA,1500,1475,255,2.8,"gas",1,5,8,"auto",22,0,1,48,24,72,"2021 Koenigsegg Regera",FALSE
"14",2021,"McLaren","Sabre",8,10,10,10,9,6,3,8,2,6,"UK",3500000,NA,824,590,218,2.8,"gas",0,4,8,"auto",14,0,1,47,25,72,"2021 McLaren Sabre",FALSE
"15",2021,"Ferrari","SF90 Stradale",8,10,10,9,9,6,4,8,2,6,"Italy",625000,NA,986,590,211,2.5,"gas",1,4,8,"auto",18,0,1,46,26,72,"2021 Ferrari SF90 Stradale",FALSE
"16",2021,"Audi","RS6 Avant",7,8,6,7,7,9,7,8,8,5,"Germany",109000,NA,591,590,190,3.1,"gas",0,4,8,"auto",17,1,1,35,37,72,"2021 Audi RS6 Avant",FALSE
"17",2020,"Porsche","Taycan Turbo S",7,10,6,8,8,8,7,8,5,5,"Germany",185000,NA,750,774,161,2.6,"electric",0,NA,NA,"auto",68,1,NA,39,33,72,"2020 Porsche Taycan Turbo S",FALSE
"18",2015,"Ferrari","LaFerrari",9,10,10,10,10,6,3,7,1,6,"Italy",1400000,NA,949,664,217,2.4,"gas",1,6.3,12,"auto",14,0,0,49,23,72,"2015 Ferrari LaFerrari",FALSE
"19",2019,"Ferrari","488 Pista",8,10,10,10,8,6,4,8,2,6,"Italy",330000,NA,710,568,211,2.8,"gas",0,3.9,8,"auto",15,0,1,46,26,72,"2019 Ferrari 488 Pista",FALSE
"20",2018,"Koenigsegg","Agera RS1",8,10,10,10,10,6,3,8,1,6,"Sweden",2500000,NA,1360,1011,277,2.8,"gas",0,5,8,"auto",12,0,1,48,24,72,"2018 Koenigsegg Agera RS1",FALSE
"21",2019,"Mercedes-Benz","GT63S 4-Door",7,9,7,8,6,9,7,7,6,6,"Germany",159000,NA,630,664,193,2.9,"gas",0,4,8,"auto",17,1,1,37,35,72,"2019 Mercedes-Benz GT63S 4-Door",FALSE
"22",2018,"Mercedes-Benz","E63S AMG Wagon",7,9,6,7,6,9,7,7,8,6,"Germany",106950,NA,603,627,186,3.3,"gas",0,4,8,"auto",19,1,1,35,37,72,"2018 Mercedes-Benz E63S AMG Wagon",FALSE
"23",2015,"Porsche","918 Spyder",8,10,10,10,10,6,3,8,1,6,"Germany",845000,NA,887,944,211,2.6,"gas",1,4.6,8,"auto",22,0,0,48,24,72,"2015 Porsche 918 Spyder",FALSE
"24",2022,"Tesla","Model X Plaid",5,10,5,7,6,9,7,6,9,7,"USA",119990,NA,1020,1050,163,2.5,"electric",0,NA,NA,"auto",103,0,NA,33,38,71,"2022 Tesla Model X Plaid",FALSE
"25",2022,"Porsche","Taycan GTS Sport Turismo",7,9,6,8,7,8,7,8,6,5,"Germany",131400,NA,590,626,162,3.5,"electric",0,NA,NA,"auto",80,1,NA,37,34,71,"2022 Porsche Taycan GTS Sport Turismo",FALSE
"26",2021,"Porsche","Taycan Turbo CrossTurismo",7,9,6,8,7,8,7,8,6,5,"Germany",153500,NA,670,626,149,2.7,"electric",0,NA,NA,"auto",76,1,NA,37,34,71,"2021 Porsche Taycan Turbo CrossTurismo",FALSE
"27",2022,"Audi","RS E-Tron GT",7,9,6,8,7,8,7,8,5,6,"Germany",139900,NA,637,612,155,3.1,"electric",0,NA,NA,"auto",81,1,NA,37,34,71,"2022 Audi RS E-Tron GT",FALSE
"28",2020,"Ferrari","812 GTS",8,10,9,9,9,6,5,8,2,5,"Italy",363000,NA,789,530,211,2.9,"gas",0,6.5,12,"auto",13,0,0,45,26,71,"2020 Ferrari 812 GTS",FALSE
"29",2018,"Ferrari","812 Superfast",8,10,9,9,8,6,5,8,2,6,"Italy",335000,NA,789,530,211,2.9,"gas",0,6.5,12,"auto",13,0,0,44,27,71,"2018 Ferrari 812 Superfast",FALSE
"30",2020,"Ferrari","F8 Tributo",9,10,9,9,8,6,4,8,2,6,"Italy",276000,NA,710,568,211,2.9,"gas",0,3.9,8,"auto",15,0,1,45,26,71,"2020 Ferrari F8 Tributo",FALSE
"31",2020,"Lamborghini","Huracan Evo Spyder",8,10,10,9,8,6,4,8,2,6,"Italy",287400,NA,631,442,202,2.9,"gas",0,5.2,10,"auto",13,0,0,45,26,71,"2020 Lamborghini Huracan Evo Spyder",FALSE
"32",2014,"McLaren","P1",8,10,10,10,10,6,3,7,1,6,"UK",1150000,NA,903,664,217,2.8,"gas",1,3.8,8,"auto",18,0,1,48,23,71,"2014 McLaren P1",FALSE
"33",2019,"McLaren","Senna",7,10,10,10,10,6,2,8,1,7,"UK",1000000,NA,789,590,208,2.7,"gas",0,4,8,"auto",14,0,1,47,24,71,"2019 McLaren Senna",FALSE
"34",2019,"Lamborghini","Urus",6,8,6,7,7,8,7,8,8,6,"Italy",200000,NA,641,627,190,3.6,"gas",0,4,8,"auto",14,1,1,34,37,71,"2019 Lamborghini Urus",FALSE
"35",2015,"Ferrari","458 Speciale A",8,9,10,10,8,6,4,8,2,6,"Italy",291744,NA,562,398,199,3,"gas",0,4.5,8,"auto",13,0,0,45,26,71,"2015 Ferrari 458 Speciale A",FALSE
"36",2018,"Porsche","911 GT2RS",7,10,10,10,9,6,3,8,2,6,"Germany",293200,NA,690,553,211,2.7,"gas",0,3,6,"auto",13,1,1,46,25,71,"2018 Porsche 911 GT2RS",FALSE
"37",2015,"Lamborghini","Huracan",8,10,9,9,8,6,4,8,2,7,"Italy",199800,NA,602,413,202,3.2,"gas",0,5.2,10,"auto",14,0,0,44,27,71,"2015 Lamborghini Huracan",FALSE
"38",2005,"Porsche","Carrera GT",9,9,10,10,10,3,3,9,1,7,"Germany",440000,NA,605,435,205,3.6,"gas",0,5.7,10,"manual",15,0,0,48,23,71,"2005 Porsche Carrera GT",FALSE
"39",2020,"McLaren","Elva",9,10,10,10,10,5,2,7,1,6,"UK",1700000,NA,804,590,203,2.8,"gas",0,4,8,"auto",14,0,1,49,21,70,"2020 McLaren Elva",FALSE
"40",2022,"Porsche","Cayenne Turbo GT",7,9,6,6,6,8,6,8,8,6,"Germany",180200,NA,631,626,186,3.1,"gas",0,4,8,"auto",17,1,1,34,36,70,"2022 Porsche Cayenne Turbo GT",FALSE
"41",2015,"Ferrari","F12 Berlinetta",8,9,9,9,8,6,5,7,2,7,"Italy",319995,NA,731,509,211,3.1,"gas",0,6.3,12,"auto",13,0,0,43,27,70,"2015 Ferrari F12 Berlinetta",FALSE
"42",2021,"Ferrari","Roma",8,9,8,8,7,7,5,8,3,7,"Italy",218000,NA,612,561,199,3.4,"gas",0,3.9,8,"auto",17,0,1,40,30,70,"2021 Ferrari Roma",FALSE
"43",2021,"McLaren","765LT",8,10,10,9,9,6,3,7,2,6,"UK",358000,NA,755,590,205,2.8,"gas",0,4,8,"auto",14,0,1,46,24,70,"2021 McLaren 765LT",FALSE
"44",2019,"Aston Martin","Vanquish Shooting Brake",9,8,7,8,9,6,5,8,4,6,"UK",300000,NA,593,465,201,3.5,"gas",0,5.9,12,"auto",13,1,0,41,29,70,"2019 Aston Martin Vanquish Shooting Brake",FALSE
"45",2021,"Audi","RS7",7,9,6,7,6,9,7,8,6,5,"Germany",114000,NA,591,590,174,3.5,"gas",0,4,8,"auto",17,1,1,35,35,70,"2021 Audi RS7",FALSE
"46",2021,"Lamborghini","Centenario",9,10,9,10,10,6,3,7,1,5,"Italy",1900000,NA,759,508,217,2.8,"gas",0,6.5,12,"auto",11,0,0,48,22,70,"2021 Lamborghini Centenario",FALSE
"47",2020,"Porsche","Cayenne Turbo S Coupe",7,8,6,6,6,8,7,8,8,6,"Germany",164400,NA,670,663,176,3.7,"gas",1,4,8,"auto",19,1,1,33,37,70,"2020 Porsche Cayenne Turbo S Coupe",FALSE
"48",2019,"Ford","GT",8,10,10,10,10,6,2,7,1,6,"USA",500000,NA,647,550,216,3,"gas",0,3.5,6,"auto",14,0,1,48,22,70,"2019 Ford GT",FALSE
"49",2019,"McLaren","720S Spider",8,10,9,10,8,6,4,7,2,6,"UK",315000,NA,710,568,212,2.8,"gas",0,4,8,"auto",14,0,1,45,25,70,"2019 McLaren 720S Spider",FALSE
"50",2016,"Ferrari","488 Spider",9,9,9,9,8,6,4,8,2,6,"Italy",272000,NA,661,560,203,3,"gas",0,3.9,8,"auto",15,0,1,44,26,70,"2016 Ferrari 488 Spider",FALSE
"51",2019,"Lamborghini","Aventador SVJ",8,10,9,10,9,6,3,7,2,6,"Italy",517000,NA,759,531,217,2.8,"gas",0,6.5,12,"auto",10,0,0,46,24,70,"2019 Lamborghini Aventador SVJ",FALSE
"52",2018,"Lamborghini","Huracan Performante",8,10,10,9,8,6,3,8,2,6,"Italy",274000,NA,631,442,202,2.9,"gas",0,5.2,10,"auto",13,0,0,45,25,70,"2018 Lamborghini Huracan Performante",FALSE
"53",2022,"Maserati","MC20",9,10,8,8,8,6,4,7,2,7,"Italy",210000,NA,621,538,202,2.9,"gas",0,3,6,"auto",17,1,1,43,26,69,"2022 Maserati MC20",FALSE
"54",2018,"BMW","M5",7,10,6,7,6,8,7,7,5,6,"Germany",102700,NA,600,553,189,3,"gas",0,4.4,8,"auto",17,1,1,36,33,69,"2018 BMW M5",FALSE
"55",2020,"Audi","RSQ8",7,8,5,6,6,8,7,8,8,6,"Germany",113000,NA,591,590,190,3.5,"gas",0,4,8,"auto",17,1,1,32,37,69,"2020 Audi RSQ8",FALSE
"56",2021,"Porsche","911 Turbo S (992)",7,10,8,8,7,7,5,8,3,6,"Germany",203500,NA,640,590,205,2.6,"gas",0,3,6,"auto",15,1,1,40,29,69,"2021 Porsche 911 Turbo S (992)",FALSE
"57",2005,"Pagani","Zonda S Roadster",9,9,10,10,10,4,3,7,1,6,"Italy",650000,NA,555,553,214,3.5,"gas",0,7.3,12,"manual",12,0,0,48,21,69,"2005 Pagani Zonda S Roadster",FALSE
"58",2017,"Pagani","Huayra Roadster",9,9,10,9,10,5,3,7,1,6,"Italy",2400000,NA,764,738,230,3,"gas",0,6,12,"auto",12,0,1,47,22,69,"2017 Pagani Huayra Roadster",FALSE
"59",2012,"Pagani","Huayra",9,9,10,9,10,5,3,7,1,6,"Italy",1350000,NA,730,738,224,3,"gas",0,6,12,"auto",12,0,1,47,22,69,"2012 Pagani Huayra",FALSE
"60",2008,"Koenigsegg","CCX",8,9,10,10,10,4,3,7,1,7,"Sweden",540000,NA,806,678,245,3.2,"gas",0,4.7,8,"manual",13,0,1,47,22,69,"2008 Koenigsegg CCX",FALSE
"61",2019,"Porsche","Cayenne Turbo",7,8,6,6,5,8,7,8,8,6,"Germany",126200,NA,541,567,177,3.7,"gas",0,4,8,"auto",17,1,1,32,37,69,"2019 Porsche Cayenne Turbo",FALSE
"62",2019,"Aston Martin","DBS Superleggera",8,9,7,8,8,6,5,8,4,6,"UK",304995,NA,715,664,211,3.4,"gas",0,5.2,12,"auto",14,1,1,40,29,69,"2019 Aston Martin DBS Superleggera",FALSE
"63",2019,"Bentley","Continental GT",7,8,6,6,7,8,8,9,4,6,"UK",214600,NA,626,664,207,3.5,"gas",0,6,12,"auto",15,1,1,34,35,69,"2019 Bentley Continental GT",FALSE
"64",2018,"Ferrari","Portofino",8,9,8,8,7,6,6,8,3,6,"Italy",210000,NA,592,561,199,3.5,"gas",0,3.9,8,"auto",17,0,1,40,29,69,"2018 Ferrari Portofino",FALSE
"65",2017,"McLaren","720S",8,10,9,9,8,6,4,7,2,6,"UK",284745,NA,710,568,212,2.8,"gas",0,4,8,"auto",14,0,1,44,25,69,"2017 McLaren 720S",FALSE
"66",2018,"BMW","M760i",6,8,6,5,6,9,9,8,6,6,"Germany",156700,NA,601,627,189,3.4,"gas",0,6.6,12,"auto",16,1,1,31,38,69,"2018 BMW M760i",FALSE
"67",2017,"Audi","R8 V10 Plus",7,10,8,9,7,7,5,8,2,6,"Germany",192450,NA,602,413,205,3.2,"gas",0,5.2,10,"auto",13,0,0,41,28,69,"2017 Audi R8 V10 Plus",FALSE
"68",2022,"Acura","NSX Type S",8,10,8,8,7,6,5,8,2,6,"Japan",169500,NA,600,481,191,3,"gas",1,3.5,6,"auto",21,1,1,41,27,68,"2022 Acura NSX Type S",FALSE
"69",2021,"Ford","Mustang Mach-E GT",6,8,6,6,5,8,6,7,9,7,"USA",59900,NA,480,600,130,3.8,"electric",0,NA,NA,"auto",88,1,NA,31,37,68,"2021 Ford Mustang Mach-E GT",FALSE
"70",2022,"Cadillac","CT5-V Blackwing",6,8,6,8,7,8,7,6,5,7,"USA",83995,NA,668,659,200,3.4,"gas",0,6.2,8,"manual",15,1,1,35,33,68,"2022 Cadillac CT5-V Blackwing",FALSE
"71",2022,"Porsche","911 GT3 Touring",7,9,9,9,8,6,4,8,2,6,"Germany",161100,NA,502,347,197,3.2,"gas",0,4,6,"manual",16,1,0,42,26,68,"2022 Porsche 911 GT3 Touring",FALSE
"72",2021,"BMW","Alpina XB7",6,8,5,5,5,9,8,8,9,5,"Germany",141300,NA,612,590,180,4.2,"gas",0,4.4,8,"auto",17,1,1,29,39,68,"2021 BMW Alpina XB7",FALSE
"73",2022,"Porsche","911 GT3",7,9,9,9,8,6,4,8,2,6,"Germany",161100,NA,502,347,198,3.2,"gas",0,4,6,"manual",16,1,0,42,26,68,"2022 Porsche 911 GT3",FALSE
"74",2021,"BMW","M3",6,7,7,8,6,8,7,7,5,7,"Germany",69900,NA,503,479,180,3,"gas",0,3,6,"manual",16,1,1,34,34,68,"2021 BMW M3",FALSE
"75",2021,"Dodge","Ram TRX",7,8,4,8,6,7,6,6,8,8,"USA",69995,NA,702,650,118,4.5,"gas",0,6.2,8,"auto",12,1,1,33,35,68,"2021 Dodge Ram TRX",FALSE
"76",2014,"Bugatti","Veyron Vitesse",8,10,8,10,10,4,4,7,1,6,"France",2400000,NA,1183,1106,254,2.6,"gas",0,8,16,"auto",10,0,1,46,22,68,"2014 Bugatti Veyron Vitesse",FALSE
"77",2014,"Audi","RS7",7,8,6,7,6,7,7,8,6,6,"Germany",104900,NA,560,516,174,3.9,"gas",0,4,8,"auto",18,1,1,34,34,68,"2014 Audi RS7",FALSE
"78",2020,"BMW","X5M Competition",7,8,6,7,5,8,6,7,8,6,"Germany",114100,NA,617,553,177,3.8,"gas",0,4.4,8,"auto",15,1,1,33,35,68,"2020 BMW X5M Competition",FALSE
"79",2021,"Bentley","Bentayga V8",5,7,5,6,6,8,9,8,8,6,"UK",179000,NA,542,568,180,4,"gas",0,4,8,"auto",17,1,1,29,39,68,"2021 Bentley Bentayga V8",FALSE
"80",2016,"McLaren","675LT",7,10,10,9,8,6,3,6,2,7,"UK",349500,NA,666,516,205,2.9,"gas",0,3.8,8,"auto",14,0,1,44,24,68,"2016 McLaren 675LT",FALSE
"81",2020,"Tesla","Model Y Performance",5,9,5,6,6,9,6,6,9,7,"USA",60990,NA,456,497,150,3.5,"electric",0,NA,NA,"auto",116,0,NA,31,37,68,"2020 Tesla Model Y Performance",FALSE
"82",2020,"Rolls-Royce","Cullinan Black Badge",6,6,4,5,7,10,10,9,6,5,"UK",382000,NA,563,627,155,4.8,"gas",0,6.75,12,"auto",12,1,1,28,40,68,"2020 Rolls-Royce Cullinan Black Badge",FALSE
"83",2019,"Audi","RS5 Sportback",7,8,6,7,5,8,7,7,7,6,"Germany",74900,NA,444,443,174,3.9,"gas",0,2.9,6,"auto",18,1,1,33,35,68,"2019 Audi RS5 Sportback",FALSE
"84",2019,"Rolls-Royce","Cullinan",6,6,4,5,7,9,10,9,7,5,"UK",325000,NA,563,627,155,5,"gas",0,6.75,12,"auto",12,1,1,28,40,68,"2019 Rolls-Royce Cullinan",FALSE
"85",2017,"Ford","GT",8,10,10,10,10,5,2,6,1,6,"USA",447000,NA,647,550,216,3,"gas",0,3.5,6,"auto",14,0,1,48,20,68,"2017 Ford GT",FALSE
"86",2018,"Porsche","Panamera Turbo Sport Turismo",6,8,6,6,6,7,7,9,8,5,"Germany",154000,NA,542,567,188,3.6,"gas",0,4,8,"auto",18,1,1,32,36,68,"2018 Porsche Panamera Turbo Sport Turismo",FALSE
"87",2018,"Rolls-Royce","Phantom",6,5,5,6,8,9,10,9,5,5,"UK",450000,NA,563,664,155,5.1,"gas",0,6.75,12,"auto",13,1,1,30,38,68,"2018 Rolls-Royce Phantom",FALSE
"88",2020,"Audi","R8 Decennium",7,10,8,9,7,7,5,8,2,5,"Germany",214995,NA,602,413,206,3.1,"gas",0,5.2,10,"auto",13,0,0,41,27,68,"2020 Audi R8 Decennium",FALSE
"89",2020,"Bentley","Flying Spur W12",7,8,5,5,6,8,9,9,5,6,"UK",214600,NA,626,664,207,3.7,"gas",0,6,12,"auto",15,1,1,31,37,68,"2020 Bentley Flying Spur W12",FALSE
"90",2022,"Porsche","Cayman GT4RS",6,9,9,9,8,6,3,8,2,7,"Germany",141700,NA,493,331,196,3.4,"gas",0,4,6,"manual",16,1,0,41,26,67,"2022 Porsche Cayman GT4RS",FALSE
"91",2022,"Porsche","911 GTS Coupe",7,9,8,8,6,7,4,9,3,6,"Germany",136700,NA,473,420,193,3.4,"gas",0,3,6,"manual",17,1,0,38,29,67,"2022 Porsche 911 GTS Coupe",FALSE
"92",2021,"Mercedes-AMG","GT Black Series",7,9,9,9,8,6,3,7,3,6,"Germany",325000,NA,720,590,202,3.1,"gas",0,4,8,"auto",15,1,1,42,25,67,"2021 Mercedes-AMG GT Black Series",FALSE
"93",2018,"Mercedes-Benz","AMG GTR",7,9,8,9,7,6,4,7,3,7,"Germany",157000,NA,577,516,198,3.5,"gas",0,4,8,"auto",15,1,1,40,27,67,"2018 Mercedes-Benz AMG GTR",FALSE
"94",2021,"Dodge","Durango Hellcat",6,9,5,7,6,7,6,6,9,6,"USA",80995,NA,710,645,180,3.5,"gas",0,6.2,8,"auto",13,1,1,33,34,67,"2021 Dodge Durango Hellcat",FALSE
"95",2015,"McLaren","650S",7,10,9,9,7,6,4,6,2,7,"UK",265500,NA,641,500,207,3,"gas",0,3.8,8,"auto",14,0,1,42,25,67,"2015 McLaren 650S",FALSE
"96",2021,"Porsche","Cayenne GTS",7,7,6,6,5,8,7,8,8,5,"Germany",107300,NA,453,457,168,3.9,"gas",0,4,8,"auto",17,1,1,31,36,67,"2021 Porsche Cayenne GTS",FALSE
"97",2019,"Mercedes-Benz","AMG G63",7,7,5,6,6,7,8,7,9,5,"Germany",147500,NA,577,627,149,4.4,"gas",0,4,8,"auto",15,1,1,31,36,67,"2019 Mercedes-Benz AMG G63",FALSE
"98",2011,"Ferrari","599 GTO",8,9,9,9,8,5,4,7,2,6,"Italy",410000,NA,563,494,208,3.2,"gas",0,6,12,"auto",11,0,0,43,24,67,"2011 Ferrari 599 GTO",FALSE
"99",2020,"Porsche","911 991 Speedster",7,8,8,10,7,6,4,9,2,6,"Germany",274700,NA,502,346,192,3.8,"gas",0,4,6,"manual",13,1,0,40,27,67,"2020 Porsche 911 991 Speedster",FALSE
"100",2019,"Tesla","Model 3 Performance",5,9,6,6,5,9,7,6,6,8,"USA",56990,NA,455,471,162,3.2,"electric",0,NA,NA,"auto",116,0,NA,31,36,67,"2019 Tesla Model 3 Performance",FALSE
"101",2020,"McLaren","GT",7,9,8,8,7,6,5,7,4,6,"UK",210000,NA,612,465,203,3.4,"gas",0,4,8,"auto",17,0,1,39,28,67,"2020 McLaren GT",FALSE
"102",2020,"Porsche","911 Carrera S",7,9,8,7,6,7,5,9,3,6,"Germany",113100,NA,443,390,191,3.5,"gas",0,3,6,"manual",18,1,1,37,30,67,"2020 Porsche 911 Carrera S",FALSE
"103",2006,"Bugatti","Veyron",7,10,8,10,10,4,4,7,1,6,"France",1250000,NA,987,921,253,2.5,"gas",0,8,16,"auto",10,0,1,45,22,67,"2006 Bugatti Veyron",FALSE
"104",2019,"Aston Martin","DB11 AMR",8,9,7,7,7,6,6,8,4,5,"UK",241000,NA,630,516,208,3.6,"gas",0,5.2,12,"auto",15,1,1,38,29,67,"2019 Aston Martin DB11 AMR",FALSE
"105",2010,"Audi","R8 V10",8,8,8,8,7,5,5,8,2,8,"Germany",146800,NA,525,391,197,3.9,"gas",0,5.2,10,"manual",13,0,0,39,28,67,"2010 Audi R8 V10",FALSE
"106",2019,"Aston Martin","Vantage",7,9,8,8,7,6,6,7,3,6,"UK",149995,NA,503,505,195,3.7,"gas",0,4,8,"auto",17,1,1,39,28,67,"2019 Aston Martin Vantage",FALSE
"107",2017,"Ferrari","California T",7,9,8,8,7,6,5,8,3,6,"Italy",202680,NA,553,557,196,3.5,"gas",0,3.9,8,"auto",16,0,1,39,28,67,"2017 Ferrari California T",FALSE
"108",2017,"Mercedes-Benz","AMG GT S",7,8,8,8,7,6,6,7,3,7,"Germany",131200,NA,503,479,193,3.7,"gas",0,4,8,"auto",17,1,1,38,29,67,"2017 Mercedes-Benz AMG GT S",FALSE
"109",2005,"Ford","GT",9,8,9,10,9,3,4,7,1,7,"USA",149995,NA,550,500,205,3.9,"gas",0,5.4,8,"manual",14,0,1,45,22,67,"2005 Ford GT",FALSE
"110",2017,"Lamborghini","Aventador SV",8,10,8,9,9,6,3,7,2,5,"Italy",493095,NA,740,509,217,2.8,"gas",0,6.5,12,"auto",11,0,0,44,23,67,"2017 Lamborghini Aventador SV",FALSE
"111",2017,"Porsche","Panamera Turbo",6,8,6,6,6,7,7,9,6,6,"Germany",147950,NA,542,567,189,3.6,"gas",0,4,8,"auto",18,1,1,32,35,67,"2017 Porsche Panamera Turbo",FALSE
"112",2017,"Bentley","Bentayga",5,8,5,6,6,6,9,9,8,5,"UK",229100,NA,542,567,187,4,"gas",0,6,12,"auto",15,1,1,30,37,67,"2017 Bentley Bentayga",FALSE
"113",2020,"Porsche","911 C2S Manual",7,8,8,8,6,7,5,9,3,6,"Germany",120600,NA,443,390,191,3.5,"gas",0,3,6,"manual",18,1,1,37,30,67,"2020 Porsche 911 C2S Manual",FALSE
"114",2021,"Mercedes-Maybach","S580",6,7,5,5,6,9,9,9,5,5,"Germany",184900,NA,496,516,155,4,"gas",0,4,8,"auto",18,1,1,29,37,66,"2021 Mercedes-Maybach S580",FALSE
"115",2021,"Mercedes-Benz","S580",6,7,5,5,5,9,9,9,5,6,"Germany",116300,NA,496,516,130,4,"gas",0,4,8,"auto",18,1,1,28,38,66,"2021 Mercedes-Benz S580",FALSE
"116",2014,"Ferrari","FF",5,9,7,7,7,5,6,7,5,8,"Italy",295000,NA,651,504,208,3.6,"gas",0,6.3,12,"auto",11,0,0,35,31,66,"2014 Ferrari FF",FALSE
"117",2020,"Polestar","1",8,7,6,7,7,8,7,7,4,5,"Sweden",155000,NA,608,738,155,2.8,"gas",1,2,4,"auto",27,1,1,35,31,66,"2020 Polestar 1",FALSE
"118",2018,"Aston Martin","Lagonda Taraf",10,7,6,6,9,5,7,7,5,4,"UK",1000000,NA,557,465,195,4.2,"gas",0,6,12,"auto",13,1,0,38,28,66,"2018 Aston Martin Lagonda Taraf",FALSE
"119",2021,"Lexus","LC500 Convertible",8,7,6,6,6,8,6,10,3,6,"Japan",101000,NA,471,398,168,4.7,"gas",0,5,8,"auto",18,1,0,33,33,66,"2021 Lexus LC500 Convertible",FALSE
"120",2020,"Porsche","718 Cayman GT4",6,7,9,10,6,6,4,9,2,7,"Germany",100200,NA,414,309,188,3.8,"gas",0,4,6,"manual",19,1,0,38,28,66,"2020 Porsche 718 Cayman GT4",FALSE
"121",2020,"Range Rover","Velar SV Autobiography",7,7,6,6,6,8,6,6,8,6,"UK",94190,NA,542,502,170,4,"gas",0,5,8,"auto",16,1,1,32,34,66,"2020 Range Rover Velar SV Autobiography",FALSE
"122",2020,"BMW","M8 Competition",7,9,7,6,6,8,7,7,4,5,"Germany",146995,NA,617,553,190,3,"gas",0,4.4,8,"auto",15,1,1,35,31,66,"2020 BMW M8 Competition",FALSE
"123",2020,"BMW","X3M Competition",6,8,6,7,5,7,6,7,8,6,"Germany",76900,NA,503,442,174,3.8,"gas",0,3,6,"auto",17,1,1,32,34,66,"2020 BMW X3M Competition",FALSE
"124",2019,"McLaren","600LT",7,10,10,10,7,6,2,6,2,6,"UK",240000,NA,592,457,204,2.9,"gas",0,3.8,8,"auto",14,0,1,44,22,66,"2019 McLaren 600LT",FALSE
"125",2019,"Cadillac","CTS-V",7,8,6,7,6,7,7,7,5,6,"USA",86995,NA,640,630,200,3.6,"gas",0,6.2,8,"auto",14,1,1,34,32,66,"2019 Cadillac CTS-V",FALSE
"126",2018,"Jaguar","I-Pace",6,7,5,6,5,8,7,6,9,7,"UK",69500,NA,394,512,124,4.5,"electric",0,NA,NA,"auto",76,1,NA,29,37,66,"2018 Jaguar I-Pace",FALSE
"127",2019,"BMW","M850i",7,8,7,6,6,8,7,7,4,6,"Germany",111900,NA,523,553,155,3.7,"gas",0,4.4,8,"auto",18,1,1,34,32,66,"2019 BMW M850i",FALSE
"128",2018,"Rolls-Royce","Dawn",6,7,5,6,7,8,10,9,4,4,"UK",346300,NA,563,605,155,4.9,"gas",0,6.6,12,"auto",12,1,1,31,35,66,"2018 Rolls-Royce Dawn",FALSE
"129",2020,"Alfa Romeo","Stelvio Quadrifoglio",7,8,6,7,6,6,6,6,8,6,"Italy",80350,NA,503,443,176,3.6,"gas",0,2.9,6,"auto",17,1,1,34,32,66,"2020 Alfa Romeo Stelvio Quadrifoglio",FALSE
"130",2018,"Alfa Romeo","Stelvio Quadrifoglio",7,8,6,7,6,6,6,6,8,6,"Italy",79995,NA,503,443,176,3.6,"gas",0,2.9,6,"auto",17,1,1,34,32,66,"2018 Alfa Romeo Stelvio Quadrifoglio",FALSE
"131",2017,"Acura","NSX",8,9,8,8,7,6,4,8,2,6,"Japan",156000,NA,573,476,191,3,"gas",1,3.5,6,"auto",21,1,1,40,26,66,"2017 Acura NSX",FALSE
"132",2017,"Aston Martin","DB11",8,8,7,7,7,6,6,8,4,5,"UK",211995,NA,600,516,200,3.9,"gas",0,5.2,12,"auto",16,1,1,37,29,66,"2017 Aston Martin DB11",FALSE
"133",2014,"Audi","R8",8,7,8,8,7,5,5,8,2,8,"Germany",115900,NA,420,317,187,4.5,"gas",0,4.2,8,"manual",13,0,0,38,28,66,"2014 Audi R8",FALSE
"134",2018,"Jeep","Grand Cherokee Trackhawk",6,9,5,7,6,7,6,6,8,6,"USA",86000,NA,707,645,180,3.5,"gas",0,6.2,8,"auto",13,1,1,33,33,66,"2018 Jeep Grand Cherokee Trackhawk",FALSE
"135",2018,"Lexus","LC 500",8,7,6,6,6,8,6,10,3,6,"Japan",92000,NA,471,398,168,4.7,"gas",0,5,8,"auto",18,1,0,33,33,66,"2018 Lexus LC 500",FALSE
"136",2020,"Audi","SQ7",6,7,5,5,5,9,7,7,9,6,"Germany",84900,NA,500,568,155,4,"gas",0,4,8,"auto",17,1,1,28,38,66,"2020 Audi SQ7",FALSE
"137",2022,"Ford","F-150 Lightning",5,7,3,6,6,8,7,7,9,7,"USA",55974,NA,563,775,112,4.4,"electric",0,NA,NA,"auto",66,1,NA,27,38,65,"2022 Ford F-150 Lightning",FALSE
"138",2022,"Audi","S8",6,8,6,5,5,8,8,8,5,6,"Germany",116900,NA,563,590,155,3.8,"gas",0,4,8,"auto",16,1,1,30,35,65,"2022 Audi S8",FALSE
"139",2020,"Audi","S8",6,8,6,5,5,8,8,8,5,6,"Germany",130900,NA,563,590,155,3.8,"gas",0,4,8,"auto",16,1,1,30,35,65,"2020 Audi S8",FALSE
"140",2022,"Hyundai","Ioniq 5 Limited",7,5,5,5,6,8,7,7,9,6,"South Korea",51000,NA,301,446,115,5.1,"electric",0,NA,NA,"auto",103,1,NA,28,37,65,"2022 Hyundai Ioniq 5 Limited",FALSE
"141",2022,"BMW","i4 M50",6,8,6,6,5,8,7,7,6,6,"Germany",65900,NA,536,586,140,3.7,"electric",0,NA,NA,"auto",107,1,NA,31,34,65,"2022 BMW i4 M50",FALSE
"142",2022,"BMW","iX xDrive50",4,7,5,6,6,9,8,7,7,6,"Germany",83300,NA,516,564,124,4.4,"electric",0,NA,NA,"auto",86,1,NA,28,37,65,"2022 BMW iX xDrive50",FALSE
"143",2022,"Cadillac","CT4-V Blackwing",6,8,6,7,6,8,7,6,5,6,"USA",58995,NA,472,445,189,3.8,"gas",0,3.6,6,"manual",17,1,1,33,32,65,"2022 Cadillac CT4-V Blackwing",FALSE
"144",2017,"Ford","F-150 Raptor",7,5,4,7,6,7,7,7,8,7,"USA",49980,NA,450,510,107,5.1,"gas",0,3.5,6,"auto",16,1,1,29,36,65,"2017 Ford F-150 Raptor",FALSE
"145",2021,"BMW","M4 Competition",6,8,7,7,6,8,6,7,4,6,"Germany",74900,NA,503,479,180,3,"gas",0,3,6,"auto",16,1,1,34,31,65,"2021 BMW M4 Competition",FALSE
"146",2021,"Mercedes-Maybach","GLS600",6,6,4,4,6,9,9,9,7,5,"Germany",160500,NA,550,538,130,4.1,"gas",0,4,8,"auto",16,1,1,26,39,65,"2021 Mercedes-Maybach GLS600",FALSE
"147",2015,"Mercedes-Benz","CLS63 Shooting Brake",7,7,6,6,7,6,6,7,7,6,"Germany",106995,NA,577,590,186,3.6,"gas",0,5.5,8,"auto",16,1,1,33,32,65,"2015 Mercedes-Benz CLS63 Shooting Brake",FALSE
"148",2020,"McLaren","620R",7,10,10,10,7,6,2,6,2,5,"UK",299000,NA,612,457,200,2.8,"gas",0,3.8,8,"auto",14,0,1,44,21,65,"2020 McLaren 620R",FALSE
"149",2021,"Ford","Mustang Mach-E Premium",6,6,5,6,5,8,7,7,9,6,"USA",47400,NA,332,417,111,4.8,"electric",0,NA,NA,"auto",97,1,NA,28,37,65,"2021 Ford Mustang Mach-E Premium",FALSE
"150",2021,"Aston Martin","Vantage Roadster",8,8,8,8,7,6,6,7,2,5,"UK",150000,NA,503,505,190,3.8,"gas",0,4,8,"auto",17,1,1,39,26,65,"2021 Aston Martin Vantage Roadster",FALSE
"151",2017,"Mercedes-Maybach","S650 Cabriolet",7,7,5,5,6,8,9,8,4,6,"Germany",300000,NA,621,738,155,4.6,"gas",0,6,12,"auto",12,1,1,30,35,65,"2017 Mercedes-Maybach S650 Cabriolet",FALSE
"152",2019,"Jaguar","XE SV Project 8",6,9,7,8,6,6,6,7,5,5,"UK",187900,NA,592,516,200,3.3,"gas",0,5,8,"auto",16,1,1,36,29,65,"2019 Jaguar XE SV Project 8",FALSE
"153",2019,"Maserati","Levante Trofeo",6,8,6,6,5,8,6,6,8,6,"Italy",169980,NA,590,538,187,3.6,"gas",0,3.8,8,"auto",16,1,1,31,34,65,"2019 Maserati Levante Trofeo",FALSE
"154",2019,"BMW","M2 Competition",6,8,8,8,6,6,5,7,4,7,"Germany",58900,NA,405,406,174,3.5,"gas",0,3,6,"manual",18,1,1,36,29,65,"2019 BMW M2 Competition",FALSE
"155",2017,"Nissan","GT-R Nismo",6,10,9,8,7,6,3,7,4,5,"Japan",174990,NA,600,481,196,2.9,"gas",0,3.8,6,"auto",16,1,1,40,25,65,"2017 Nissan GT-R Nismo",FALSE
"156",1988,"Porsche","959",6,8,7,8,10,4,5,6,4,7,"Germany",225000,NA,444,369,197,3.6,"gas",0,2.8,6,"manual",15,0,1,39,26,65,"1988 Porsche 959",FALSE
"157",2013,"Mercedes-Benz","SLS AMG Black Series",8,8,9,9,8,5,4,7,2,5,"Germany",275000,NA,622,468,196,3.5,"gas",0,6.2,8,"auto",13,0,0,42,23,65,"2013 Mercedes-Benz SLS AMG Black Series",FALSE
"158",2012,"Mercedes-Benz","SLS AMG",8,8,9,9,7,5,4,7,2,6,"Italy",189600,NA,563,479,197,3.7,"gas",0,6.3,8,"auto",13,0,0,41,24,65,"2012 Mercedes-Benz SLS AMG",FALSE
"159",2016,"Porsche","911R",7,8,9,9,8,6,4,9,2,3,"Germany",184950,NA,500,339,200,3.6,"gas",0,4,6,"manual",16,1,0,41,24,65,"2016 Porsche 911R",FALSE
"160",2008,"Mercedes-Benz","CLK63 AMG Black Series",9,7,8,9,7,4,4,6,3,8,"Germany",135000,NA,500,391,186,4,"gas",0,6.2,8,"auto",13,0,0,40,25,65,"2008 Mercedes-Benz CLK63 AMG Black Series",FALSE
"161",2019,"Chevrolet","Corvette ZR1",6,10,8,8,7,6,3,6,3,8,"USA",120900,NA,755,715,212,3,"gas",0,6.2,8,"manual",13,1,1,39,26,65,"2019 Chevrolet Corvette ZR1",FALSE
"162",2017,"Ford","Shelby GT350R",7,8,9,9,6,5,5,5,4,7,"USA",62500,NA,526,429,170,4.3,"gas",0,5.2,8,"manual",14,0,0,39,26,65,"2017 Ford Shelby GT350R",FALSE
"163",2018,"Aston Martin","Vanquish S Volante",9,8,7,7,7,6,6,7,3,5,"UK",312950,NA,580,465,201,3.8,"gas",0,5.9,12,"auto",13,1,0,38,27,65,"2018 Aston Martin Vanquish S Volante",FALSE
"164",2018,"Dodge","Challenger SRT Demon",6,10,5,7,8,5,7,6,4,7,"USA",84995,NA,840,770,168,2.3,"gas",0,6.2,8,"auto",13,1,1,36,29,65,"2018 Dodge Challenger SRT Demon",FALSE
"165",2012,"Mercedes-Benz","E63 AMG Wagon",6,7,6,6,6,6,6,7,8,7,"Germany",92950,NA,518,516,155,4.2,"gas",0,5.5,8,"auto",16,1,1,31,34,65,"2012 Mercedes-Benz E63 AMG Wagon",FALSE
"166",2015,"Rolls-Royce","Wraith",6,7,5,5,7,8,10,9,4,4,"UK",294025,NA,624,590,155,4.6,"gas",0,6.6,12,"auto",14,1,1,30,35,65,"2015 Rolls-Royce Wraith",FALSE
"167",2022,"Mercedes-Benz","EQS 450+",6,4,5,4,6,9,9,8,6,7,"Germany",102310,NA,329,408,130,5.8,"electric",0,NA,NA,"auto",107,1,NA,25,39,64,"2022 Mercedes-Benz EQS 450+",FALSE
"168",2021,"Ford","F-150 Raptor",6,5,4,7,6,8,7,7,8,6,"USA",64495,NA,450,510,120,5.2,"gas",0,3.5,6,"auto",15,1,1,28,36,64,"2021 Ford F-150 Raptor",FALSE
"169",2013,"Mercedes-Benz","SLS Roadster",7,8,8,9,7,5,4,7,2,7,"Germany",199500,NA,563,479,197,3.7,"gas",0,6.3,8,"auto",13,0,0,39,25,64,"2013 Mercedes-Benz SLS Roadster",FALSE
"170",2015,"McLaren","P1 GTR",8,10,10,10,10,2,1,6,1,6,"UK",3300000,NA,986,737,217,2.8,"gas",1,3.8,8,"auto",18,0,1,48,16,64,"2015 McLaren P1 GTR",FALSE
"171",2016,"Tesla","Model X",5,6,5,5,6,9,7,4,10,7,"USA",79900,NA,417,485,155,4.4,"electric",0,NA,NA,"auto",94,0,NA,27,37,64,"2016 Tesla Model X",FALSE
"172",2018,"Chevrolet","Camaro ZL1 1LE",7,8,8,7,6,6,5,6,4,7,"USA",69995,NA,650,650,198,3.5,"gas",0,6.2,8,"manual",14,1,1,36,28,64,"2018 Chevrolet Camaro ZL1 1LE",FALSE
"173",2020,"Dodge","Charger Hellcat Widebody",7,8,5,7,7,6,7,6,5,6,"USA",69995,NA,707,650,203,3.6,"gas",0,6.2,8,"auto",13,1,1,34,30,64,"2020 Dodge Charger Hellcat Widebody",FALSE
"174",2020,"Ford","Shelby GT500",7,9,8,8,6,6,5,5,3,7,"USA",72900,NA,760,625,180,3.3,"gas",0,5.2,8,"auto",12,1,1,38,26,64,"2020 Ford Shelby GT500",FALSE
"175",2020,"BMW","750i",6,8,5,5,5,8,8,8,5,6,"Germany",103000,NA,523,553,155,3.9,"gas",0,4.4,8,"auto",17,1,1,29,35,64,"2020 BMW 750i",FALSE
"176",2007,"Ferrari","F430 Spider",8,8,8,8,7,4,4,7,2,8,"Italy",217310,NA,483,343,193,4,"gas",0,4.3,8,"manual",13,0,0,39,25,64,"2007 Ferrari F430 Spider",FALSE
"177",2018,"BMW","M3 CS",6,8,7,7,6,6,6,7,5,6,"Germany",98300,NA,453,406,174,3.7,"gas",0,3,6,"auto",17,1,1,34,30,64,"2018 BMW M3 CS",FALSE
"178",2003,"Aston Martin","Vanquish",10,7,6,8,7,4,5,6,3,8,"UK",228000,NA,460,400,190,4.3,"gas",0,5.9,12,"manual",12,0,0,38,26,64,"2003 Aston Martin Vanquish",FALSE
"179",2007,"Porsche","911 Turbo",7,8,7,8,6,4,6,8,3,7,"Germany",126200,NA,480,460,193,3.6,"gas",0,3.6,6,"manual",16,1,1,36,28,64,"2007 Porsche 911 Turbo",FALSE
"180",2011,"BMW","1 Series M",6,6,8,9,7,5,6,6,4,7,"Germany",46600,NA,335,332,155,4,"gas",0,3,6,"manual",19,1,1,36,28,64,"2011 BMW 1 Series M",FALSE
"181",2017,"Bentley","Mulsanne Speed",6,5,5,5,7,7,10,9,5,5,"UK",341125,NA,530,811,190,4.8,"gas",0,6.75,8,"auto",13,1,1,28,36,64,"2017 Bentley Mulsanne Speed",FALSE
"182",2012,"Lexus","LFA",6,8,8,8,9,5,5,9,2,4,"Japan",375000,NA,552,354,202,3.6,"gas",0,4.8,10,"auto",12,0,0,39,25,64,"2012 Lexus LFA",FALSE
"183",2017,"Ferrari","GTC4Lusso",5,9,7,7,7,6,6,8,5,4,"Italy",298000,NA,680,514,208,3.4,"gas",0,6.3,12,"auto",11,0,0,35,29,64,"2017 Ferrari GTC4Lusso",FALSE
"184",2017,"Bentley","Continental SuperSports",6,9,7,6,6,5,8,8,4,5,"UK",293300,NA,700,749,209,3.5,"gas",0,6,12,"auto",14,1,1,34,30,64,"2017 Bentley Continental SuperSports",FALSE
"185",2018,"Audi","RS3",7,8,6,7,5,6,6,7,5,7,"Germany",54800,NA,400,354,174,3.9,"gas",0,2.5,5,"auto",19,1,1,33,31,64,"2018 Audi RS3",FALSE
"186",2018,"Lexus","LS 500h",6,5,5,4,5,9,9,10,5,6,"Japan",79450,NA,354,350,136,5.4,"gas",1,3.5,6,"auto",28,1,0,25,39,64,"2018 Lexus LS 500h",FALSE
"187",2017,"Mercedes-Benz","Maybach S600",6,6,5,5,5,8,10,8,5,6,"Germany",191300,NA,523,612,155,4.6,"gas",0,6,12,"auto",13,1,1,27,37,64,"2017 Mercedes-Benz Maybach S600",FALSE
"188",2017,"BMW","M2",6,7,7,8,6,6,6,7,4,7,"Germany",51950,NA,365,343,163,4,"gas",0,3,6,"manual",20,1,1,34,30,64,"2017 BMW M2",FALSE
"189",2020,"Land Rover","Defender P400",6,5,4,6,6,8,7,6,9,7,"UK",62400,NA,395,406,119,5,"gas",0,3,6,"auto",19,1,1,27,37,64,"2020 Land Rover Defender P400",FALSE
"190",2019,"Mercedes-Benz","G550",7,4,4,5,6,8,8,7,9,6,"Germany",124500,NA,416,450,130,5.1,"gas",0,4,8,"auto",15,1,1,26,38,64,"2019 Mercedes-Benz G550",FALSE
"191",2020,"Chevrolet","Corvette C8",6,10,8,8,6,7,4,6,2,7,"USA",58900,NA,495,470,194,3,"gas",0,6.2,8,"auto",15,1,0,38,26,64,"2020 Chevrolet Corvette C8",FALSE
"192",2022,"Kia","EV6 GT-Line",6,5,5,5,5,8,7,7,9,6,"South Korea",51100,NA,320,446,114,5.2,"electric",0,NA,NA,"auto",101,1,NA,26,37,63,"2022 Kia EV6 GT-Line",FALSE
"193",2021,"Mercedes-Benz","E450 AT Wagon",6,6,5,4,4,9,8,8,8,5,"Germany",67200,NA,362,369,130,4.9,"gas",0,3,6,"auto",23,1,1,25,38,63,"2021 Mercedes-Benz E450 AT Wagon",FALSE
"194",2020,"Volvo","V60 Polestar",7,7,5,4,5,8,7,7,8,5,"Sweden",67995,NA,415,494,112,4.4,"gas",1,2,4,"auto",27,1,1,28,35,63,"2020 Volvo V60 Polestar",FALSE
"195",2021,"Jaguar","F-Type R",7,9,7,7,6,6,6,7,2,6,"UK",103200,NA,575,516,186,3.5,"gas",0,5,8,"auto",16,1,1,36,27,63,"2021 Jaguar F-Type R",FALSE
"196",2003,"Porsche","996 GT2",7,8,8,9,7,3,4,7,3,7,"Germany",181665,NA,477,457,196,3.6,"gas",0,3.6,6,"manual",16,0,1,39,24,63,"2003 Porsche 996 GT2",FALSE
"197",2006,"Lamborghini","Murcielago Roadster",8,8,7,9,9,4,3,6,2,7,"Italy",319950,NA,641,479,205,3.8,"gas",0,6.5,12,"manual",10,0,0,41,22,63,"2006 Lamborghini Murcielago Roadster",FALSE
"198",2018,"Range Rover","Velar R-Dynamic",7,4,6,6,5,8,7,6,8,6,"UK",60650,NA,380,332,155,5,"gas",0,3,6,"auto",19,1,1,28,35,63,"2018 Range Rover Velar R-Dynamic",FALSE
"199",2019,"Mercedes-Benz","CLS450",7,6,6,6,5,8,7,7,5,6,"Germany",69900,NA,362,369,130,4.6,"gas",0,3,6,"auto",23,1,1,30,33,63,"2019 Mercedes-Benz CLS450",FALSE
"200",2018,"Volkswagen","Golf R",6,6,6,6,5,6,6,7,8,7,"Germany",40195,NA,288,280,155,4.5,"gas",0,2,4,"manual",22,1,1,29,34,63,"2018 Volkswagen Golf R",FALSE
"201",2017,"Aston Martin","V12 Vantage S",8,8,7,8,7,5,5,7,3,5,"UK",186000,NA,565,457,205,3.9,"gas",0,6,12,"manual",12,0,0,38,25,63,"2017 Aston Martin V12 Vantage S",FALSE
"202",2017,"Alfa Romeo","Giulia Quadrifoglio",7,8,6,7,6,6,6,6,5,6,"Italy",72900,NA,503,443,191,3.6,"gas",0,2.9,6,"auto",17,1,1,34,29,63,"2017 Alfa Romeo Giulia Quadrifoglio",FALSE
"203",2008,"Lamborghini","Murcielago LP640",8,9,7,9,9,4,3,6,2,6,"Italy",354000,NA,641,487,211,3.6,"gas",0,6.5,12,"manual",10,0,0,42,21,63,"2008 Lamborghini Murcielago LP640",FALSE
"204",2017,"Ford","Focus RS",6,7,6,7,6,6,5,6,7,7,"USA",41000,NA,350,350,165,4.7,"gas",0,2.3,4,"manual",19,1,1,32,31,63,"2017 Ford Focus RS",FALSE
"205",2009,"Ferrari","430 Scuderia",8,9,9,9,8,2,2,7,2,7,"Italy",281618,NA,503,347,198,3.6,"gas",0,4.3,8,"auto",13,0,0,43,20,63,"2009 Ferrari 430 Scuderia",FALSE
"206",2006,"Mercedes-Benz","SLR",7,9,6,8,9,4,6,6,3,5,"Germany",495000,NA,617,575,207,3.8,"gas",0,5.4,8,"auto",13,1,1,39,24,63,"2006 Mercedes-Benz SLR",FALSE
"207",2017,"Chevrolet","Camaro ZL1",6,9,7,7,6,6,5,6,4,7,"USA",61900,NA,650,650,198,3.5,"gas",0,6.2,8,"manual",14,1,1,35,28,63,"2017 Chevrolet Camaro ZL1",FALSE
"208",2023,"Nissan","Z",7,8,7,7,6,6,5,6,3,7,"Japan",40990,NA,400,350,155,4.5,"gas",0,3,6,"manual",20,1,1,35,27,62,"2023 Nissan Z",FALSE
"209",2021,"Toyota","Supra 3.0",6,8,7,6,6,7,5,7,3,7,"Japan",51090,NA,382,368,155,4.1,"gas",0,3,6,"auto",22,1,1,33,29,62,"2021 Toyota Supra 3.0",FALSE
"210",2004,"Rolls-Royce","Phantom",6,4,4,6,7,7,10,8,5,5,"UK",320000,NA,453,531,149,5.7,"gas",0,6.75,12,"auto",11,0,0,27,35,62,"2004 Rolls-Royce Phantom",FALSE
"211",2022,"Jeep","Wrangler 392",6,7,4,9,6,6,5,6,7,6,"USA",74995,NA,470,470,112,4.2,"gas",0,6.4,8,"auto",13,1,0,32,30,62,"2022 Jeep Wrangler 392",FALSE
"212",2021,"Polestar","2",7,6,5,5,5,9,7,8,5,5,"Sweden",59900,NA,408,487,127,4.5,"electric",0,NA,NA,"auto",92,1,NA,28,34,62,"2021 Polestar 2",FALSE
"213",2015,"BAC","Mono",7,10,10,10,9,1,1,7,1,6,"UK",165000,NA,280,207,170,3,"gas",0,2.5,4,"manual",19,0,0,46,16,62,"2015 BAC Mono",FALSE
"214",2020,"Lotus","Evora GT",7,8,8,7,7,5,5,7,3,5,"UK",96950,NA,416,317,188,3.8,"gas",0,3.5,6,"manual",18,1,1,37,25,62,"2020 Lotus Evora GT",FALSE
"215",2020,"Lincoln","Aviator BL",7,4,4,4,5,8,7,8,9,6,"USA",81100,NA,494,630,145,5,"gas",1,3,6,"auto",22,1,1,24,38,62,"2020 Lincoln Aviator BL",FALSE
"216",2020,"BMW","M340i",6,7,6,5,4,8,7,7,5,7,"Germany",54050,NA,382,369,155,4.4,"gas",0,3,6,"auto",23,1,1,28,34,62,"2020 BMW M340i",FALSE
"217",2013,"Rolls-Royce","Phantom Drophead Coupe",6,4,5,6,7,7,10,8,4,5,"UK",474600,NA,453,531,149,5.9,"gas",0,6.75,12,"auto",11,0,0,28,34,62,"2013 Rolls-Royce Phantom Drophead Coupe",FALSE
"218",2019,"Audi","Q8",7,4,5,5,5,9,7,7,8,5,"Germany",67950,NA,335,369,130,5.6,"gas",0,3,6,"auto",19,1,1,26,36,62,"2019 Audi Q8",FALSE
"219",2011,"Porsche","911 GT3RS 4.0",7,8,8,9,8,3,3,8,2,6,"Germany",185000,NA,493,339,193,3.5,"gas",0,4,6,"manual",15,0,0,40,22,62,"2011 Porsche 911 GT3RS 4.0",FALSE
"220",2019,"BMW","i8 Roadster",7,7,7,6,7,7,6,7,2,6,"Germany",163300,NA,369,420,155,4.4,"gas",1,1.5,3,"auto",27,1,1,34,28,62,"2019 BMW i8 Roadster",FALSE
"221",2019,"Audi","A8L",6,4,5,4,5,9,9,8,5,7,"Germany",83900,NA,335,369,130,5.6,"gas",0,3,6,"auto",19,1,1,24,38,62,"2019 Audi A8L",FALSE
"222",2019,"Lexus","RC-F",6,7,6,6,5,7,7,9,4,5,"Japan",64400,NA,467,389,171,4.2,"gas",0,5,8,"auto",16,1,0,30,32,62,"2019 Lexus RC-F",FALSE
"223",2009,"Mercedes-Benz","SL65 AMG Black Series",8,8,7,8,8,4,4,6,3,6,"Germany",296000,NA,661,738,199,3.9,"gas",0,6,12,"auto",12,1,1,39,23,62,"2009 Mercedes-Benz SL65 AMG Black Series",FALSE
"224",1999,"Nissan","Skyline GT-R (R34)",6,7,7,8,9,4,5,6,4,6,"Japan",89900,NA,276,289,165,4.8,"gas",0,2.6,6,"manual",16,0,1,37,25,62,"1999 Nissan Skyline GT-R (R34)",FALSE
"225",2017,"Chevrolet","Corvette Z06",6,9,8,7,6,6,3,6,3,8,"USA",79400,NA,650,650,205,3.7,"gas",0,6.2,8,"manual",15,1,1,36,26,62,"2017 Chevrolet Corvette Z06",FALSE
"226",2018,"Kia","Stinger GT",7,6,6,5,4,6,7,6,7,8,"South Korea",38900,NA,365,376,167,4.7,"gas",0,3.3,6,"auto",19,1,1,28,34,62,"2018 Kia Stinger GT",FALSE
"227",2022,"BMW","M240i",6,8,6,6,5,7,6,7,4,6,"Germany",46200,NA,382,369,155,4.2,"gas",0,3,6,"auto",24,1,1,31,30,61,"2022 BMW M240i",FALSE
"228",2022,"Volkswagen","Golf R",6,6,6,7,5,6,6,6,7,6,"Germany",44150,NA,315,295,155,4.7,"gas",0,2,4,"manual",23,1,1,30,31,61,"2022 Volkswagen Golf R",FALSE
"229",2022,"Jeep","Grand Wagoneer",5,4,4,3,5,9,8,8,9,6,"USA",88190,NA,471,455,140,5.7,"gas",0,6.4,8,"auto",14,1,0,21,40,61,"2022 Jeep Grand Wagoneer",FALSE
"230",2006,"Ferrari","612 Scaglietti",5,7,7,7,7,4,5,7,4,8,"Italy",250697,NA,532,434,199,4.2,"gas",0,5.7,12,"manual",11,0,0,33,28,61,"2006 Ferrari 612 Scaglietti",FALSE
"231",2019,"BMW","X7",6,4,4,3,4,9,8,8,9,6,"Germany",73900,NA,335,330,130,5.8,"gas",0,3,6,"auto",20,1,1,21,40,61,"2019 BMW X7",FALSE
"232",2021,"Genesis","G80 3.5T",7,6,5,4,4,8,8,8,5,6,"South Korea",59100,NA,375,391,155,4.9,"gas",0,3.5,6,"auto",19,1,1,26,35,61,"2021 Genesis G80 3.5T",FALSE
"233",2019,"BMW","X5",6,5,5,5,4,8,7,7,8,6,"Germany",60700,NA,335,330,130,5.5,"gas",0,3,6,"auto",20,1,1,25,36,61,"2019 BMW X5",FALSE
"234",2019,"Audi","E-Tron",6,4,4,5,5,9,7,7,8,6,"Germany",74800,NA,355,414,124,5.5,"electric",0,NA,NA,"auto",74,1,NA,24,37,61,"2019 Audi E-Tron",FALSE
"235",2018,"Land Rover","Range Rover Supercharged",7,6,4,3,5,8,8,6,9,5,"UK",104850,NA,518,461,140,5.4,"gas",0,5,8,"auto",16,1,1,25,36,61,"2018 Land Rover Range Rover Supercharged",FALSE
"236",2019,"Porsche","Macan S",5,5,6,6,5,7,7,7,7,6,"Germany",58900,NA,348,354,157,4.6,"gas",0,3,6,"auto",20,1,1,27,34,61,"2019 Porsche Macan S",FALSE
"237",2011,"Ferrari","California",6,8,7,8,6,4,5,7,3,7,"Italy",192000,NA,453,357,193,4.3,"gas",0,4.3,8,"auto",13,0,0,35,26,61,"2011 Ferrari California",FALSE
"238",2019,"Lotus","Evora 400",7,7,8,7,7,5,5,7,3,5,"UK",99990,NA,400,302,186,4,"gas",0,3.5,6,"manual",18,1,1,36,25,61,"2019 Lotus Evora 400",FALSE
"239",2020,"Mercedes-Benz","GLE450",5,5,5,4,4,9,7,7,9,6,"Germany",61900,NA,362,369,130,5.3,"gas",0,3,6,"auto",21,1,1,23,38,61,"2020 Mercedes-Benz GLE450",FALSE
"240",2013,"Ford","Raptor",7,4,3,6,6,5,6,6,8,10,"USA",44525,NA,411,434,100,6.2,"gas",0,6.2,8,"auto",13,0,0,26,35,61,"2013 Ford Raptor",FALSE
"241",2005,"Bentley","Continental GT",7,6,6,6,6,4,8,7,4,7,"UK",169990,NA,552,479,198,4.7,"gas",0,6,12,"auto",12,1,1,31,30,61,"2005 Bentley Continental GT",FALSE
"242",2018,"Ford","Mustang GT",6,8,7,7,5,6,5,6,4,7,"USA",35585,NA,460,420,155,4.8,"gas",0,5,8,"manual",15,1,0,33,28,61,"2018 Ford Mustang GT",FALSE
"243",2001,"Lamborghini","Diablo 6.0",9,9,7,8,9,3,3,4,2,7,"Italy",274950,NA,550,457,205,3.9,"gas",0,6,12,"manual",10,0,0,42,19,61,"2001 Lamborghini Diablo 6.0",FALSE
"244",2000,"BMW","Z8",10,7,6,7,7,3,5,7,2,7,"Germany",128000,NA,394,368,155,4.8,"gas",0,5,8,"manual",13,0,0,37,24,61,"2000 BMW Z8",FALSE
"245",2002,"BMW","M5",8,6,6,6,6,4,6,7,5,7,"Germany",69995,NA,400,369,155,4.8,"gas",0,5,8,"manual",13,0,0,32,29,61,"2002 BMW M5",FALSE
"246",2017,"Chevrolet","SS",6,6,6,6,5,6,6,6,5,9,"USA",46975,NA,415,415,165,4.7,"gas",0,6.2,8,"manual",14,0,0,29,32,61,"2017 Chevrolet SS",FALSE
"247",2020,"Toyota","Supra",6,7,7,6,6,7,5,7,3,6,"Japan",49990,NA,335,365,155,4.1,"gas",0,3,6,"auto",24,1,1,32,28,60,"2020 Toyota Supra",FALSE
"248",2021,"BMW","M440i",5,7,6,6,5,7,7,7,4,6,"Germany",58150,NA,382,369,155,4.4,"gas",0,3,6,"auto",23,1,1,29,31,60,"2021 BMW M440i",FALSE
"249",2022,"Lexus","IS 500",5,7,5,5,5,7,7,8,5,6,"Japan",56750,NA,471,389,149,4.5,"gas",0,5,8,"auto",17,1,0,27,33,60,"2022 Lexus IS 500",FALSE
"250",2021,"Genesis","GV70",6,6,4,4,4,8,7,7,7,7,"South Korea",41150,NA,300,311,140,5,"gas",0,2.5,4,"auto",22,1,1,24,36,60,"2021 Genesis GV70",FALSE
"251",2019,"Genesis","G70 3.3T",5,7,6,5,4,7,7,7,5,7,"South Korea",44900,NA,365,376,167,4.7,"gas",0,3.3,6,"auto",19,1,1,27,33,60,"2019 Genesis G70 3.3T",FALSE
"252",1995,"Ferrari","F50",7,8,9,10,10,2,2,5,1,6,"Italy",475000,NA,513,347,202,3.8,"gas",0,4.7,12,"manual",12,0,0,44,16,60,"1995 Ferrari F50",FALSE
"253",2002,"Porsche","911 Turbo (996)",6,8,7,7,6,4,5,6,3,8,"Germany",111780,NA,415,413,189,3.9,"gas",0,3.6,6,"manual",15,1,1,34,26,60,"2002 Porsche 911 Turbo (996)",FALSE
"254",2011,"Aston Martin","Rapide",8,6,6,6,6,5,6,6,5,6,"UK",199950,NA,470,443,188,4.7,"gas",0,5.9,12,"auto",13,0,0,32,28,60,"2011 Aston Martin Rapide",FALSE
"255",2020,"McLaren","570S GT4 Race Car",7,9,10,10,8,3,2,5,1,5,"UK",200000,NA,562,443,190,3.2,"gas",0,3.8,8,"auto",14,0,1,44,16,60,"2020 McLaren 570S GT4 Race Car",FALSE
"256",2012,"Porsche","Panamera V6",4,5,6,5,6,6,7,8,5,8,"Germany",75900,NA,300,295,160,5.9,"gas",0,3.6,6,"auto",19,1,0,26,34,60,"2012 Porsche Panamera V6",FALSE
"257",2020,"Lexus","GS-F",6,7,5,6,5,7,7,8,5,4,"Japan",84900,NA,467,389,168,4.5,"gas",0,5,8,"auto",16,1,0,29,31,60,"2020 Lexus GS-F",FALSE
"258",2020,"Genesis","G90 Ultimate",6,5,5,4,4,8,8,8,5,7,"South Korea",75750,NA,420,383,155,5.2,"gas",0,5,8,"auto",17,1,0,24,36,60,"2020 Genesis G90 Ultimate",FALSE
"259",2020,"Mercedes-Benz","GLS450",6,4,4,3,4,9,8,7,9,6,"Germany",75950,NA,362,369,130,5.2,"gas",0,3,6,"auto",21,1,1,21,39,60,"2020 Mercedes-Benz GLS450",FALSE
"260",2018,"Cadillac","CT6",6,4,5,4,4,9,8,8,5,7,"USA",54195,NA,335,284,149,5.7,"gas",0,3,6,"auto",20,1,0,23,37,60,"2018 Cadillac CT6",FALSE
"261",2000,"BMW","M5 (E39)",7,6,6,6,7,4,6,7,5,6,"Germany",69100,NA,394,368,155,4.8,"gas",0,5,8,"manual",13,0,0,32,28,60,"2000 BMW M5 (E39)",FALSE
"262",2011,"Porsche","997 911 Speedster",7,7,7,7,7,4,6,8,2,5,"Germany",204100,NA,408,310,190,3.9,"gas",0,3.8,6,"manual",17,0,0,35,25,60,"2011 Porsche 997 911 Speedster",FALSE
"263",1990,"Ferrari","F40",10,8,9,10,10,1,1,3,1,7,"Italy",399000,NA,478,426,201,3.8,"gas",0,2.9,8,"manual",12,0,1,47,13,60,"1990 Ferrari F40",FALSE
"264",2022,"Chevrolet","Silverado ZR2",5,4,3,6,5,8,7,8,8,5,"USA",67900,NA,420,460,112,6,"gas",0,6.2,8,"auto",14,1,0,23,36,59,"2022 Chevrolet Silverado ZR2",FALSE
"265",2022,"Toyota","Tundra TRD Pro",6,3,2,6,6,7,7,8,8,6,"USA",66905,NA,437,583,115,5.7,"gas",0,3.5,6,"auto",17,1,1,23,36,59,"2022 Toyota Tundra TRD Pro",FALSE
"266",2021,"Cadillac","Escalade Platinum",5,3,3,3,6,9,8,7,9,6,"USA",100595,NA,420,460,130,6.1,"gas",0,6.2,8,"auto",14,1,0,20,39,59,"2021 Cadillac Escalade Platinum",FALSE
"267",2018,"Lincoln","Navigator L Black Label",6,3,3,3,5,8,8,8,9,6,"USA",96510,NA,450,510,115,5.9,"gas",0,3.5,6,"auto",16,1,1,20,39,59,"2018 Lincoln Navigator L Black Label",FALSE
"268",2021,"Acura","TLX Type S",6,7,5,4,4,8,7,7,5,6,"Japan",52900,NA,355,354,155,4.7,"gas",0,3,6,"auto",19,1,1,26,33,59,"2021 Acura TLX Type S",FALSE
"269",2014,"BMW","M6",6,8,5,6,5,6,6,6,4,7,"Germany",111200,NA,560,500,155,4.1,"gas",0,4.4,8,"auto",15,1,1,30,29,59,"2014 BMW M6",FALSE
"270",2021,"Audi","SQ5",6,6,5,4,4,7,7,7,7,6,"Germany",52900,NA,349,369,155,4.7,"gas",0,3,6,"auto",20,1,1,25,34,59,"2021 Audi SQ5",FALSE
"271",2021,"Audi","E-Tron Sportback",6,4,4,5,5,9,7,7,7,5,"Germany",69200,NA,355,414,124,5.5,"electric",0,NA,NA,"auto",77,1,NA,24,35,59,"2021 Audi E-Tron Sportback",FALSE
"272",2020,"Audi","Q7 3.0T",6,4,4,3,4,9,7,7,9,6,"Germany",60950,NA,335,369,130,5.7,"gas",0,3,6,"auto",19,1,1,21,38,59,"2020 Audi Q7 3.0T",FALSE
"273",2015,"Mercedes-Benz","G63 AMG 6x6",7,3,3,8,10,6,6,7,5,4,"Germany",544000,NA,536,561,100,7.8,"gas",0,5.5,8,"auto",12,1,1,31,28,59,"2015 Mercedes-Benz G63 AMG 6x6",FALSE
"274",2017,"Tesla","Model 3",5,5,5,4,5,9,7,6,6,7,"USA",35000,NA,258,307,140,5.1,"electric",0,NA,NA,"auto",126,0,NA,24,35,59,"2017 Tesla Model 3",FALSE
"275",2017,"Honda","Civic Type R",4,6,6,7,6,6,6,6,7,5,"Japan",33900,NA,306,295,169,5.7,"gas",0,2,4,"manual",22,1,1,29,30,59,"2017 Honda Civic Type R",FALSE
"276",2004,"Mercedes-Benz","CLK DTM",7,8,8,8,7,3,3,7,3,5,"Germany",250000,NA,582,590,186,3.8,"gas",0,5.4,8,"auto",13,1,1,38,21,59,"2004 Mercedes-Benz CLK DTM",FALSE
"277",1996,"BMW","850CSi",8,4,5,7,7,4,7,6,4,7,"Germany",100000,NA,372,402,155,5.7,"gas",0,5.6,12,"manual",13,0,0,31,28,59,"1996 BMW 850CSi",FALSE
"278",2017,"Genesis","G90",5,5,5,4,4,8,8,8,5,7,"South Korea",68950,NA,365,376,155,5.7,"gas",0,3.3,6,"auto",18,1,1,23,36,59,"2017 Genesis G90",FALSE
"279",2021,"Ford","Bronco",6,1,4,8,7,6,5,6,8,7,"USA",33450,NA,300,325,100,6.3,"gas",0,2.7,6,"auto",18,1,1,26,32,58,"2021 Ford Bronco",FALSE
"280",2010,"Jeep","Grand Cherokee SRT8",5,6,5,7,6,4,5,4,8,8,"USA",43000,NA,420,420,160,5,"gas",0,6.1,8,"auto",13,0,0,29,29,58,"2010 Jeep Grand Cherokee SRT8",FALSE
"281",1993,"Bugatti","EB110",7,9,7,8,10,2,2,4,1,8,"France",350000,NA,553,451,213,3.8,"gas",0,3.5,12,"manual",12,1,1,41,17,58,"1993 Bugatti EB110",FALSE
"282",2021,"Genesis","GV80",7,3,4,3,4,7,7,8,8,7,"South Korea",48900,NA,300,311,139,5.3,"gas",0,2.5,4,"auto",21,1,1,21,37,58,"2021 Genesis GV80",FALSE
"283",2019,"Lincoln","Continental Coach Door",6,5,4,4,5,8,8,8,5,5,"USA",110300,NA,400,400,155,5.5,"gas",0,3,6,"auto",17,1,1,24,34,58,"2019 Lincoln Continental Coach Door",FALSE
"284",2018,"Audi","Q7 3.0 T",6,4,4,3,4,8,7,7,9,6,"Germany",56800,NA,329,325,130,5.7,"gas",0,3,6,"auto",19,1,1,21,37,58,"2018 Audi Q7 3.0 T",FALSE
"285",2004,"Mercedes","E55 AMG",6,7,5,5,6,4,6,7,5,7,"Germany",80190,NA,469,516,155,4.6,"gas",0,5.4,8,"auto",14,1,1,29,29,58,"2004 Mercedes E55 AMG",FALSE
"286",2019,"Volvo","S60 Polestar",6,7,5,4,4,8,7,7,5,5,"Sweden",64995,NA,415,494,155,4.4,"gas",1,2,4,"auto",27,1,1,26,32,58,"2019 Volvo S60 Polestar",FALSE
"287",2008,"Maserati","GranTurismo MC",6,6,7,7,6,4,6,6,4,6,"Italy",137000,NA,424,384,185,4.8,"gas",0,4.7,8,"auto",13,0,0,32,26,58,"2008 Maserati GranTurismo MC",FALSE
"288",2002,"Bentley","Arnage T",6,5,4,5,6,4,9,7,5,7,"UK",228990,NA,450,645,168,5.5,"gas",0,6.75,8,"auto",11,0,1,26,32,58,"2002 Bentley Arnage T",FALSE
"289",2019,"BMW","330i (G20)",6,4,5,5,4,8,7,7,5,7,"Germany",40500,NA,255,295,155,5.6,"gas",0,2,4,"auto",26,1,1,24,34,58,"2019 BMW 330i (G20)",FALSE
"290",2019,"Kia","K900",5,4,5,4,4,8,8,8,5,7,"South Korea",59900,NA,365,376,150,5.7,"gas",0,3.3,6,"auto",18,1,1,22,36,58,"2019 Kia K900",FALSE
"291",2018,"Mercedes-Benz","SL450",6,6,6,6,5,8,7,7,3,4,"Germany",88950,NA,362,369,155,5.2,"gas",0,3,6,"auto",20,1,1,29,29,58,"2018 Mercedes-Benz SL450",FALSE
"292",2018,"Lincoln","Continental",6,5,4,4,4,8,8,8,5,6,"USA",45560,NA,305,280,140,6,"gas",0,3.7,6,"auto",19,1,0,23,35,58,"2018 Lincoln Continental",FALSE
"293",2003,"Porsche","911 Carrera 4S",6,6,7,7,5,4,5,5,3,10,"Germany",84200,NA,315,295,174,5.1,"gas",0,3.6,6,"manual",17,0,0,31,27,58,"2003 Porsche 911 Carrera 4S",FALSE
"294",1993,"Lancia","Delta Integrale Evo 2",7,5,7,7,8,3,5,4,6,6,"Italy",35000,NA,212,220,137,5.8,"gas",0,2,4,"manual",20,0,1,34,24,58,"1993 Lancia Delta Integrale Evo 2",FALSE
"295",2019,"Hyundai","Veloster N",6,4,6,6,5,6,6,6,6,7,"South Korea",27000,NA,275,260,155,5.5,"gas",0,2,4,"manual",22,1,1,27,31,58,"2019 Hyundai Veloster N",FALSE
"296",2022,"Lexus","LX 600",5,2,3,4,4,8,8,9,9,5,"Japan",86900,NA,383,403,130,6.9,"gas",0,3.5,6,"auto",17,1,1,18,39,57,"2022 Lexus LX 600",FALSE
"297",2022,"Volkswagen","GTI",6,3,6,6,5,6,6,6,7,6,"Germany",29895,NA,228,258,155,6,"gas",0,2,4,"manual",24,1,1,26,31,57,"2022 Volkswagen GTI",FALSE
"298",2007,"Mercedes-Benz","R63 AMG",4,6,5,4,6,5,7,6,9,5,"Germany",88550,NA,503,509,155,5.1,"gas",0,6.2,8,"auto",13,0,0,25,32,57,"2007 Mercedes-Benz R63 AMG",FALSE
"299",2013,"Toyota","Land Cruiser",6,2,3,5,5,6,7,8,9,6,"Japan",78855,NA,381,401,130,7,"gas",0,5.7,8,"auto",13,0,0,21,36,57,"2013 Toyota Land Cruiser",FALSE
"300",2022,"Subaru","WRX",5,4,7,6,5,6,6,6,5,7,"Japan",29525,NA,271,258,155,5.5,"gas",0,2.4,4,"manual",19,1,1,27,30,57,"2022 Subaru WRX",FALSE
"301",1994,"Audi","RS2 Avant",7,6,5,5,7,3,5,5,7,7,"Germany",52000,NA,311,302,163,5.8,"gas",0,2.2,5,"manual",18,0,1,30,27,57,"1994 Audi RS2 Avant",FALSE
"302",2020,"Jeep","Gladiator Mojave",6,1,3,8,6,6,5,6,8,8,"USA",45170,NA,285,260,110,7.3,"gas",0,3.6,6,"auto",17,1,0,24,33,57,"2020 Jeep Gladiator Mojave",FALSE
"303",2016,"Mercedes-Benz","CLA45",6,6,6,6,5,5,5,7,5,6,"Germany",49950,NA,375,350,155,4.1,"gas",0,2,4,"auto",23,1,1,29,28,57,"2016 Mercedes-Benz CLA45",FALSE
"304",2018,"Subaru","WRX STI Type RA",6,4,7,6,6,6,6,6,5,5,"Japan",48995,NA,310,290,159,5,"gas",0,2.5,4,"manual",16,1,1,29,28,57,"2018 Subaru WRX STI Type RA",FALSE
"305",1990,"Vector","W8",10,7,6,8,10,2,3,3,1,7,"USA",455000,NA,625,625,242,3.9,"gas",0,3,8,"auto",12,0,1,41,16,57,"1990 Vector W8",FALSE
"306",2013,"BMW","M3 E92 Competition",6,7,6,7,5,5,5,5,4,7,"Germany",60775,NA,414,295,155,4.1,"gas",0,4,8,"manual",16,0,0,31,26,57,"2013 BMW M3 E92 Competition",FALSE
"307",2003,"Audi","RS6",7,7,6,6,6,4,6,4,5,6,"Germany",82900,NA,450,413,174,4.6,"gas",0,4.2,8,"auto",15,0,1,32,25,57,"2003 Audi RS6",FALSE
"308",2016,"Ariel","Atom 3",6,10,10,8,8,1,1,6,1,6,"UK",64980,NA,300,210,155,3.7,"gas",0,2,4,"manual",20,1,1,42,15,57,"2016 Ariel Atom 3",FALSE
"309",1994,"Jaguar","XJ220",7,8,6,8,10,2,3,4,2,7,"UK",650000,NA,517,475,212,3.9,"gas",0,3.5,6,"manual",13,0,1,39,18,57,"1994 Jaguar XJ220",FALSE
"310",2002,"Chevrolet","Corvette Z06 C5",5,8,7,7,6,3,3,6,2,10,"USA",49950,NA,405,400,170,4.8,"gas",0,5.7,8,"manual",19,0,0,33,24,57,"2002 Chevrolet Corvette Z06 C5",FALSE
"311",2018,"Toyota","Land Cruiser",5,2,3,5,5,7,7,8,9,6,"Japan",84325,NA,381,401,130,7,"gas",0,5.7,8,"auto",13,1,0,20,37,57,"2018 Toyota Land Cruiser",FALSE
"312",1994,"Toyota","Supra Turbo",8,6,6,6,7,2,5,7,3,7,"Japan",39900,NA,320,315,155,5,"gas",0,3,6,"manual",18,0,1,33,24,57,"1994 Toyota Supra Turbo",FALSE
"313",2019,"Volvo","XC40 T5",7,3,4,3,4,8,7,7,7,7,"Sweden",35450,NA,248,258,130,6.1,"gas",0,2,4,"auto",23,1,1,21,36,57,"2019 Volvo XC40 T5",FALSE
"314",2012,"Mercedes-Benz","C63 AMG Black Series",6,8,7,7,6,5,4,5,3,6,"Germany",107000,NA,510,457,186,4.2,"gas",0,6.2,8,"auto",13,0,0,34,23,57,"2012 Mercedes-Benz C63 AMG Black Series",FALSE
"315",2005,"Spyker","C8 Spyder",7,7,6,7,7,3,3,8,2,7,"Netherlands",250000,NA,400,354,186,4.8,"gas",0,4.2,8,"manual",13,0,0,34,23,57,"2005 Spyker C8 Spyder",FALSE
"316",2017,"Maserati","Levante",5,4,6,6,5,6,7,6,8,4,"Italy",73900,NA,345,369,156,5.8,"gas",0,3,6,"auto",19,1,1,26,31,57,"2017 Maserati Levante",FALSE
"317",2015,"Alfa Romeo","4C Spider",6,7,8,8,6,4,3,6,2,6,"Italy",63900,NA,237,258,160,4.1,"gas",0,1.7,4,"auto",24,1,1,35,21,56,"2015 Alfa Romeo 4C Spider",FALSE
"318",2009,"Porsche","Cayenne GTS 6M",6,3,5,6,5,5,6,6,8,6,"Germany",73700,NA,405,369,156,5.7,"gas",0,4.8,8,"manual",15,0,0,25,31,56,"2009 Porsche Cayenne GTS 6M",FALSE
"319",2022,"Hyundai","Elantra N",6,5,6,6,4,6,6,6,5,6,"South Korea",32150,NA,276,289,155,5.3,"gas",0,2,4,"manual",22,1,1,27,29,56,"2022 Hyundai Elantra N",FALSE
"320",2022,"Toyota","GR86",6,4,8,7,5,5,5,6,3,7,"Japan",27700,NA,228,184,140,6.3,"gas",0,2.4,4,"manual",21,1,0,30,26,56,"2022 Toyota GR86",FALSE
"321",2022,"Toyota","Land Cruiser V6 TT",6,3,3,5,5,5,7,8,8,6,"Japan",85965,NA,409,479,130,6.7,"gas",0,3.4,6,"auto",17,1,1,22,34,56,"2022 Toyota Land Cruiser V6 TT",FALSE
"322",2022,"Subaru","BRZ Limited",6,4,8,7,5,5,5,6,3,7,"Japan",30495,NA,228,184,140,6.3,"gas",0,2.4,4,"manual",21,1,0,30,26,56,"2022 Subaru BRZ Limited",FALSE
"323",2020,"Ford","Explorer ST",5,5,4,3,3,7,7,7,9,6,"USA",54995,NA,400,415,143,5.3,"gas",0,3,6,"auto",18,1,1,20,36,56,"2020 Ford Explorer ST",FALSE
"324",2021,"Jeep","Grand Cherokee L V8",6,2,3,3,4,8,7,7,9,7,"USA",53995,NA,357,390,130,6.7,"gas",0,5.7,8,"auto",14,1,0,18,38,56,"2021 Jeep Grand Cherokee L V8",FALSE
"325",2020,"Jeep","Gladiator",6,1,3,8,6,6,5,6,8,7,"USA",33845,NA,285,260,110,7.3,"gas",0,3.6,6,"auto",17,1,0,24,32,56,"2020 Jeep Gladiator",FALSE
"326",2012,"Jaguar","XKR-S",7,7,6,6,6,4,5,6,3,6,"UK",132000,NA,550,479,186,4.2,"gas",0,5,8,"auto",15,0,1,32,24,56,"2012 Jaguar XKR-S",FALSE
"327",2008,"Tesla","Roadster",7,8,6,7,7,3,3,5,2,8,"USA",98900,NA,288,295,125,3.7,"electric",0,NA,NA,"auto",99,0,NA,35,21,56,"2008 Tesla Roadster",FALSE
"328",2008,"Audi","S6 V10",6,6,5,5,6,5,6,6,5,6,"Germany",76000,NA,429,398,155,5.1,"gas",0,5.2,10,"auto",13,0,0,28,28,56,"2008 Audi S6 V10",FALSE
"329",2013,"Ford","Focus ST",6,3,6,6,5,5,5,5,7,8,"USA",23825,NA,252,270,154,6,"gas",0,2,4,"manual",23,0,1,26,30,56,"2013 Ford Focus ST",FALSE
"330",2006,"Maybach","62",4,5,3,4,7,7,8,7,5,6,"Germany",426000,NA,543,738,155,5.7,"gas",0,5.5,12,"auto",10,0,1,23,33,56,"2006 Maybach 62",FALSE
"331",1994,"Honda","NSX",7,4,8,8,7,2,4,7,2,7,"Japan",79000,NA,270,210,168,5.8,"gas",0,3,6,"manual",18,0,0,34,22,56,"1994 Honda NSX",FALSE
"332",2002,"Aston Martin","DB7 V12 Volante",7,6,6,6,7,3,5,6,3,7,"UK",155000,NA,420,400,165,5.5,"gas",0,5.9,12,"manual",12,0,0,32,24,56,"2002 Aston Martin DB7 V12 Volante",FALSE
"333",2020,"Cadillac","CT5-V",5,6,5,5,4,7,7,6,5,6,"USA",47995,NA,355,400,165,5,"gas",0,3,6,"auto",19,1,1,25,31,56,"2020 Cadillac CT5-V",FALSE
"334",2021,"Mini","Cooper JCW GP",5,6,6,6,6,6,5,7,4,5,"UK",44900,NA,302,331,145,4.8,"gas",0,2,4,"auto",23,1,1,29,27,56,"2021 Mini Cooper JCW GP",FALSE
"335",2017,"Land Rover","Range Rover Limo",6,1,3,4,6,8,9,6,8,5,"UK",200000,NA,510,461,140,6,"gas",0,5,8,"auto",14,1,1,20,36,56,"2017 Land Rover Range Rover Limo",FALSE
"336",1997,"Lamborghini","Diablo VT Roadster",9,7,6,8,9,2,3,3,2,7,"Italy",273000,NA,512,428,202,4,"gas",0,5.7,12,"manual",10,0,0,39,17,56,"1997 Lamborghini Diablo VT Roadster",FALSE
"337",2019,"Volkswagen","Arteon",7,4,4,3,4,8,7,7,7,5,"Germany",35995,NA,268,258,130,6,"gas",0,2,4,"auto",22,1,1,22,34,56,"2019 Volkswagen Arteon",FALSE
"338",2019,"BMW","Z4 sDrive30i",7,5,6,6,5,7,5,7,2,6,"Germany",49950,NA,255,295,155,5.2,"gas",0,2,4,"auto",25,1,1,29,27,56,"2019 BMW Z4 sDrive30i",FALSE
"339",2002,"Acura","NSX",7,6,8,8,7,2,3,7,2,6,"Japan",89000,NA,290,224,175,5.7,"gas",0,3.2,6,"manual",17,0,0,36,20,56,"2002 Acura NSX",FALSE
"340",1998,"Ferrari","F355",10,6,7,8,8,2,4,3,2,6,"Italy",129000,NA,375,268,183,5.2,"gas",0,3.5,8,"manual",13,0,0,39,17,56,"1998 Ferrari F355",FALSE
"341",2018,"Jeep","Wrangler Unlimited",6,2,4,8,5,5,5,6,8,7,"USA",31445,NA,285,260,110,7.3,"gas",0,3.6,6,"auto",18,1,0,25,31,56,"2018 Jeep Wrangler Unlimited",FALSE
"342",2006,"Jaguar","XJ Super V8",6,5,4,5,5,5,8,6,5,6,"UK",94900,NA,420,413,155,5.3,"gas",0,4.2,8,"auto",15,0,1,25,30,55,"2006 Jaguar XJ Super V8",FALSE
"343",2008,"Honda","S2000 CR",7,4,8,8,6,3,4,7,2,6,"Japan",36995,NA,237,162,150,6.4,"gas",0,2.2,4,"manual",20,0,0,33,22,55,"2008 Honda S2000 CR",FALSE
"344",2004,"Honda","S2000",7,4,8,8,5,3,4,7,2,7,"Japan",32950,NA,240,153,150,6.4,"gas",0,2,4,"manual",20,0,0,32,23,55,"2004 Honda S2000",FALSE
"345",2021,"Ford","Bronco Sport",6,3,3,4,6,7,6,6,7,7,"USA",27000,NA,181,190,115,7.8,"gas",0,1.5,3,"auto",25,1,1,22,33,55,"2021 Ford Bronco Sport",FALSE
"346",2021,"Lexus","IS350 F-Sport",5,4,5,4,4,7,7,8,5,6,"Japan",42900,NA,306,277,143,5.6,"gas",0,3.5,6,"auto",20,1,0,22,33,55,"2021 Lexus IS350 F-Sport",FALSE
"347",2014,"Mitsubishi","Evolution X",6,6,6,6,5,4,5,5,5,7,"Japan",34995,NA,291,300,155,5,"gas",0,2,4,"manual",17,0,1,29,26,55,"2014 Mitsubishi Evolution X",FALSE
"348",2004,"Maserati","Coupe (6-Speed)",7,5,6,6,6,3,6,5,4,7,"Italy",84900,NA,390,332,177,5.2,"gas",0,4.2,8,"manual",13,0,0,30,25,55,"2004 Maserati Coupe (6-Speed)",FALSE
"349",2018,"Infiniti","Q50 Red Sport 400",5,7,5,5,3,6,7,6,5,6,"Japan",51000,NA,400,350,155,4.5,"gas",0,3,6,"auto",19,1,1,25,30,55,"2018 Infiniti Q50 Red Sport 400",FALSE
"350",2017,"Nissan","370Z Nismo",6,5,7,6,6,5,5,7,3,5,"Japan",41990,NA,350,276,155,5.2,"gas",0,3.7,6,"manual",18,1,0,30,25,55,"2017 Nissan 370Z Nismo",FALSE
"351",2010,"Lexus","LS 600hL",4,4,3,3,4,6,9,9,5,8,"Japan",108925,NA,438,385,130,6,"gas",1,5,8,"auto",20,0,0,18,37,55,"2010 Lexus LS 600hL",FALSE
"352",2018,"Mercedes-Benz","AMG GLE63 Coupe",4,7,5,6,3,6,6,6,7,5,"Germany",111860,NA,577,561,174,4.1,"gas",0,5.5,8,"auto",15,1,1,25,30,55,"2018 Mercedes-Benz AMG GLE63 Coupe",FALSE
"353",2019,"Mazda","MX-5 Miata RF",7,4,8,7,5,5,5,6,2,6,"Japan",34925,NA,181,148,135,6.5,"gas",0,2,4,"manual",27,1,0,31,24,55,"2019 Mazda MX-5 Miata RF",FALSE
"354",2015,"Fiat","500 Abarth",7,2,6,8,5,4,4,5,4,10,"Italy",22395,NA,160,170,130,6.9,"gas",0,1.4,4,"manual",28,1,1,28,27,55,"2015 Fiat 500 Abarth",FALSE
"355",1963,"Ferrari","250 GT Lusso",10,1,4,6,9,1,6,8,3,7,"Italy",300000,NA,165,177,150,8,"gas",0,3,12,"manual",12,0,0,30,25,55,"1963 Ferrari 250 GT Lusso",FALSE
"356",2017,"Volvo","XC90 Excellence",7,4,4,3,4,8,8,8,6,3,"Sweden",104900,NA,400,472,140,5.5,"gas",1,2,4,"auto",27,1,1,22,33,55,"2017 Volvo XC90 Excellence",FALSE
"357",1996,"BMW","M3 Coupe (Euro)",6,5,6,6,6,3,5,6,4,7,"Germany",42000,NA,321,236,155,5.5,"gas",0,3.2,6,"manual",19,0,0,29,25,54,"1996 BMW M3 Coupe (Euro)",FALSE
"358",2023,"Subaru","Solterra Touring",5,2,3,3,4,8,6,7,9,7,"Japan",48995,NA,215,249,110,8,"electric",0,NA,NA,"auto",104,1,NA,17,37,54,"2023 Subaru Solterra Touring",FALSE
"359",2004,"Ford","Mustang Cobra Convertible",6,6,5,7,6,3,5,5,4,7,"USA",38995,NA,390,390,155,4.9,"gas",0,4.6,8,"manual",15,0,1,30,24,54,"2004 Ford Mustang Cobra Convertible",FALSE
"360",2019,"Lexus","LX570",3,2,3,4,4,7,8,9,9,5,"Japan",91230,NA,383,403,137,7,"gas",0,5.7,8,"auto",13,1,0,16,38,54,"2019 Lexus LX570",FALSE
"361",1954,"Mercedes-Benz","300SL Gullwing",10,1,5,6,10,1,5,7,2,7,"Germany",75000,NA,215,159,163,8.5,"gas",0,3,6,"manual",15,0,0,32,22,54,"1954 Mercedes-Benz 300SL Gullwing",FALSE
"362",2007,"Mercedes-Benz","SLK55 AMG",6,7,6,6,5,4,5,6,2,7,"Germany",62900,NA,355,376,155,4.9,"gas",0,5.4,8,"auto",15,0,0,30,24,54,"2007 Mercedes-Benz SLK55 AMG",FALSE
"363",1998,"Subaru","Impreza 22B",6,6,6,6,8,2,5,5,4,6,"Japan",60000,NA,276,267,150,5.5,"gas",0,2.2,4,"manual",18,0,1,32,22,54,"1998 Subaru Impreza 22B",FALSE
"364",2009,"Bentley","Brooklands",6,5,4,5,6,4,9,6,4,5,"UK",340990,NA,530,774,184,5,"gas",0,6.75,8,"auto",11,0,1,26,28,54,"2009 Bentley Brooklands",FALSE
"365",2020,"Lincoln","Corsair",6,3,4,2,3,8,7,7,7,7,"USA",36040,NA,250,280,135,6.8,"gas",0,2,4,"auto",22,1,1,18,36,54,"2020 Lincoln Corsair",FALSE
"366",2017,"Jaguar","F-Pace S",6,5,5,3,4,6,7,6,7,5,"UK",56900,NA,380,332,155,5.1,"gas",0,3,6,"auto",18,1,1,23,31,54,"2017 Jaguar F-Pace S",FALSE
"367",2004,"Subaru","Impreza WRX STI",6,5,6,6,6,3,5,5,5,7,"Japan",31995,NA,300,300,150,5.6,"gas",0,2.5,4,"manual",18,0,1,29,25,54,"2004 Subaru Impreza WRX STI",FALSE
"368",2004,"BMW","M3 Coupe (E46)",7,6,6,6,5,3,6,5,4,6,"Germany",47700,NA,333,262,155,5,"gas",0,3.2,6,"manual",19,0,0,30,24,54,"2004 BMW M3 Coupe (E46)",FALSE
"369",2002,"Mercedes-Benz","SL500",7,4,5,5,5,4,6,8,3,7,"Germany",86930,NA,302,339,155,6.1,"gas",0,5,8,"auto",16,0,0,26,28,54,"2002 Mercedes-Benz SL500",FALSE
"370",2012,"Hyundai","Equus Ultimate",5,4,3,3,3,6,8,7,5,10,"South Korea",66000,NA,429,376,150,5.4,"gas",0,5,8,"auto",15,0,0,18,36,54,"2012 Hyundai Equus Ultimate",FALSE
"371",2020,"Land Rover","Range Rover Evoque",7,2,4,2,4,8,7,6,7,7,"UK",42950,NA,246,269,135,6.6,"gas",0,2,4,"auto",21,1,1,19,35,54,"2020 Land Rover Range Rover Evoque",FALSE
"372",1997,"Porsche","911 Carrera RS (993)",6,6,7,8,7,2,3,7,2,6,"Germany",79500,NA,300,260,172,5.2,"gas",0,3.8,6,"manual",17,0,0,34,20,54,"1997 Porsche 911 Carrera RS (993)",FALSE
"373",1994,"Porsche","928 GTS",7,5,6,6,6,3,6,5,4,6,"Germany",82900,NA,345,369,171,5.7,"gas",0,5.4,8,"auto",15,0,0,30,24,54,"1994 Porsche 928 GTS",FALSE
"374",1999,"Mitsubishi","3000GT VR-4",6,6,6,6,6,3,5,5,4,7,"Japan",44990,NA,320,315,160,5.5,"gas",0,3,6,"manual",18,0,1,30,24,54,"1999 Mitsubishi 3000GT VR-4",FALSE
"375",2017,"Mercedes-Benz","G65 AMG",7,5,2,6,6,6,6,5,9,2,"Germany",222000,NA,621,738,143,5.3,"gas",0,6,12,"auto",11,1,1,26,28,54,"2017 Mercedes-Benz G65 AMG",FALSE
"376",2004,"Volkswagen","Phaeton W12",5,4,4,4,6,5,8,6,5,7,"Germany",94900,NA,414,406,155,6,"gas",0,6,12,"auto",12,0,0,23,31,54,"2004 Volkswagen Phaeton W12",FALSE
"377",2006,"BMW","M5 (E60)",6,7,6,6,6,4,5,3,5,6,"Germany",81900,NA,500,383,155,4.7,"gas",0,5,10,"manual",13,0,0,31,23,54,"2006 BMW M5 (E60)",FALSE
"378",2004,"Nissan","350Z Roadster",6,5,6,6,6,3,5,7,2,7,"Japan",34950,NA,287,274,155,6,"gas",0,3.5,6,"manual",18,0,0,29,24,53,"2004 Nissan 350Z Roadster",FALSE
"379",2006,"Mazda","RX-8 Shinka",6,4,7,6,6,3,5,4,5,7,"Japan",31935,NA,232,159,145,6.8,"gas",0,1.3,NA,"manual",18,0,0,29,24,53,"2006 Mazda RX-8 Shinka",TRUE
"380",2020,"Toyota","Avalon TRD",5,3,4,4,4,7,7,8,5,6,"Japan",42675,NA,301,267,130,5.6,"gas",0,3.5,6,"auto",22,1,0,20,33,53,"2020 Toyota Avalon TRD",FALSE
"381",2020,"Mercedes-Benz","GLC300",5,3,4,2,3,8,7,7,7,7,"Germany",42950,NA,255,273,130,6.2,"gas",0,2,4,"auto",22,1,1,17,36,53,"2020 Mercedes-Benz GLC300",FALSE
"382",2019,"Mercedes-Benz","Modified Sprinter Van",2,1,2,5,5,8,9,7,9,5,"Germany",50000,NA,188,325,90,9,"gas",0,3,6,"auto",20,1,1,15,38,53,"2019 Mercedes-Benz Modified Sprinter Van",FALSE
"383",2001,"BMW","750iL",9,2,5,4,5,4,7,6,5,6,"Germany",92900,NA,326,361,155,6.3,"gas",0,5.4,12,"auto",13,0,0,25,28,53,"2001 BMW 750iL",FALSE
"384",2018,"Toyota","4Runner TRD Pro",6,1,3,6,5,4,6,7,9,6,"Japan",42910,NA,270,278,115,7.6,"gas",0,4,6,"auto",17,1,0,21,32,53,"2018 Toyota 4Runner TRD Pro",FALSE
"385",1985,"Ferrari","Testarossa",8,5,7,8,8,2,2,4,2,7,"Italy",95000,NA,380,287,180,5.2,"gas",0,4.9,12,"manual",12,0,0,36,17,53,"1985 Ferrari Testarossa",FALSE
"386",1989,"Lamborghini","Countach",9,6,6,7,9,2,2,3,2,7,"Italy",225000,NA,455,339,183,5,"gas",0,5.2,12,"manual",10,0,0,37,16,53,"1989 Lamborghini Countach",FALSE
"387",2007,"Bentley","Azure",6,3,4,5,7,4,9,6,4,5,"UK",329990,NA,450,645,171,5.9,"gas",0,6.75,8,"auto",11,0,1,25,28,53,"2007 Bentley Azure",FALSE
"388",2017,"Ford","Fiesta ST",6,2,6,6,5,4,5,5,6,8,"USA",21640,NA,197,202,143,6,"gas",0,1.6,4,"manual",26,1,1,25,28,53,"2017 Ford Fiesta ST",FALSE
"389",2020,"Mercedes-Benz","CLA 250",6,3,4,3,4,8,7,7,5,6,"Germany",36950,NA,208,258,130,6.3,"gas",0,2,4,"auto",25,1,1,20,33,53,"2020 Mercedes-Benz CLA 250",FALSE
"390",2017,"Mercedes-Benz","G550 4x4 Squared",7,4,3,5,7,6,6,5,6,4,"Germany",225000,NA,416,450,130,6.9,"gas",0,4,8,"auto",13,1,1,26,27,53,"2017 Mercedes-Benz G550 4x4 Squared",FALSE
"391",2008,"Maybach","57S",4,6,4,4,6,5,9,6,5,4,"Germany",379000,NA,604,738,171,5.1,"gas",0,5.5,12,"auto",12,0,1,24,29,53,"2008 Maybach 57S",FALSE
"392",2022,"Lexus","NX350h",5,2,4,2,2,8,7,8,7,7,"Japan",41350,NA,239,176,112,7.2,"gas",1,2.5,4,"auto",36,1,0,15,37,52,"2022 Lexus NX350h",FALSE
"393",2003,"BMW","760Li",4,5,4,4,4,6,7,7,5,6,"Germany",117500,NA,438,444,155,5.8,"gas",0,6,12,"auto",13,0,0,21,31,52,"2003 BMW 760Li",FALSE
"394",2018,"Subaru","BRZ tS",6,3,7,6,5,5,5,6,3,6,"Japan",33595,NA,205,156,140,6.3,"gas",0,2,4,"manual",24,1,0,27,25,52,"2018 Subaru BRZ tS",FALSE
"395",2021,"Mazda","CX-30 Turbo",6,4,4,4,3,6,6,6,7,6,"Japan",29900,NA,250,320,130,5.8,"gas",0,2.5,4,"auto",22,1,1,21,31,52,"2021 Mazda CX-30 Turbo",FALSE
"396",1992,"Dodge","Viper RT/10",7,6,6,7,7,2,2,4,2,9,"USA",52000,NA,400,465,165,4,"gas",0,8,10,"manual",13,0,0,33,19,52,"1992 Dodge Viper RT/10",FALSE
"397",2007,"Pontiac","Solstice GXP",6,5,7,7,5,3,4,6,2,7,"USA",26995,NA,260,260,142,5.6,"gas",0,2,4,"manual",22,1,1,30,22,52,"2007 Pontiac Solstice GXP",FALSE
"398",1991,"BMW","M5 (E34)",7,3,5,5,6,3,5,6,5,7,"Germany",56500,NA,310,266,155,6.3,"gas",0,3.8,6,"manual",16,0,0,26,26,52,"1991 BMW M5 (E34)",FALSE
"399",1992,"Mercedes-Benz","500E",6,4,4,4,6,3,6,8,5,6,"Germany",81000,NA,322,354,155,6.1,"gas",0,5,8,"auto",16,0,0,24,28,52,"1992 Mercedes-Benz 500E",FALSE
"400",2019,"Mini","Countryman S JCW",6,3,5,3,4,6,6,7,7,5,"UK",36900,NA,228,258,140,6.5,"gas",0,2,4,"auto",23,1,1,21,31,52,"2019 Mini Countryman S JCW",FALSE
"401",2006,"Mercedes-Benz","CL65 AMG",5,6,5,5,5,4,7,5,4,6,"Germany",179900,NA,604,738,155,4.8,"gas",0,6,12,"auto",12,0,1,26,26,52,"2006 Mercedes-Benz CL65 AMG",FALSE
"402",1994,"Mazda","RX-7",10,6,6,6,6,2,3,4,3,6,"Japan",32995,NA,255,217,160,5.3,"gas",0,1.3,NA,"manual",17,0,1,34,18,52,"1994 Mazda RX-7",TRUE
"403",1997,"Dodge","Viper GTS",7,7,6,7,6,2,3,4,3,7,"USA",66995,NA,450,490,185,4,"gas",0,8,10,"manual",13,0,0,33,19,52,"1997 Dodge Viper GTS",FALSE
"404",2017,"Fiat","124 Spider Abarth",6,3,7,6,5,5,5,6,2,7,"Italy",28495,NA,170,184,136,6.2,"gas",0,1.4,4,"manual",26,1,1,27,25,52,"2017 Fiat 124 Spider Abarth",FALSE
"405",2022,"Kia","Carnival SX Prestige",5,1,3,1,1,8,7,7,10,8,"South Korea",46000,NA,287,262,118,7,"gas",0,3.5,6,"auto",19,1,0,11,40,51,"2022 Kia Carnival SX Prestige",FALSE
"406",2021,"Mazda","Mazda3 Turbo Hatchback",4,4,5,4,3,6,5,7,6,7,"Japan",30500,NA,250,320,130,5.7,"gas",0,2.5,4,"auto",23,1,1,20,31,51,"2021 Mazda Mazda3 Turbo Hatchback",FALSE
"407",2020,"Kia","Soul 1.6T",6,3,3,3,3,6,5,7,8,7,"South Korea",23350,NA,201,195,130,6.4,"gas",0,1.6,4,"auto",27,1,1,18,33,51,"2020 Kia Soul 1.6T",FALSE
"408",2021,"Chevrolet","Tahoe High Country",5,3,3,1,3,7,7,7,9,6,"USA",69200,NA,420,460,124,6.7,"gas",0,6.2,8,"auto",15,1,0,15,36,51,"2021 Chevrolet Tahoe High Country",FALSE
"409",1988,"BMW","M3 (E30)",7,2,6,6,7,3,4,6,4,6,"Germany",35000,NA,192,170,143,6.7,"gas",0,2.3,4,"manual",19,0,0,28,23,51,"1988 BMW M3 (E30)",FALSE
"410",1997,"Toyota","Century V12",4,1,3,4,6,6,8,8,5,6,"Japan",100000,NA,276,333,130,8,"gas",0,5,12,"auto",13,0,0,18,33,51,"1997 Toyota Century V12",FALSE
"411",2018,"Polaris","Slingshot",6,5,7,9,6,2,2,6,1,7,"USA",19999,NA,173,166,125,7.5,"gas",0,2.4,4,"auto",25,1,0,33,18,51,"2018 Polaris Slingshot",FALSE
"412",2020,"Mercedes-Benz","GLB250",5,2,4,2,3,6,7,7,8,7,"Germany",36700,NA,221,258,130,6.8,"gas",0,2,4,"auto",23,1,1,16,35,51,"2020 Mercedes-Benz GLB250",FALSE
"413",2019,"Audi","Q3",6,2,4,2,3,7,7,6,7,7,"Germany",34900,NA,228,258,130,6.3,"gas",0,2,4,"auto",22,1,1,17,34,51,"2019 Audi Q3",FALSE
"414",2019,"Mercedes-Benz","A220",5,2,4,3,4,7,7,7,5,7,"Germany",32650,NA,188,221,130,7,"gas",0,2,4,"auto",24,1,1,18,33,51,"2019 Mercedes-Benz A220",FALSE
"415",1990,"Toyota","Century",4,1,2,4,6,5,8,8,5,8,"Japan",80000,NA,252,267,120,8.5,"gas",0,4,8,"auto",14,0,0,17,34,51,"1990 Toyota Century",FALSE
"416",2015,"Maserati","Ghibli",6,5,6,4,5,5,6,5,5,4,"Italy",69900,NA,345,369,163,5.6,"gas",0,3,6,"auto",20,1,1,26,25,51,"2015 Maserati Ghibli",FALSE
"417",1993,"Mazda","NA Miata",6,1,8,8,5,2,3,6,2,10,"Japan",13995,NA,116,100,116,7.9,"gas",0,1.6,4,"manual",25,0,0,28,23,51,"1993 Mazda NA Miata",FALSE
"418",1994,"TVR","Chimaera 400 HC",6,6,6,7,7,2,3,4,2,7,"UK",40000,NA,235,271,150,6.5,"gas",0,4,8,"manual",18,0,0,32,18,50,"1994 TVR Chimaera 400 HC",FALSE
"419",2004,"Volvo","S60 R",6,4,5,5,5,4,5,5,5,6,"Sweden",35985,NA,300,295,155,6,"gas",0,2.5,5,"manual",18,0,1,25,25,50,"2004 Volvo S60 R",FALSE
"420",2020,"Kia","Telluride EX",6,1,3,1,2,7,7,7,9,7,"South Korea",37590,NA,291,262,130,7,"gas",0,3.8,6,"auto",20,1,0,13,37,50,"2020 Kia Telluride EX",FALSE
"421",2021,"Toyota","RAV4 Prime",5,4,3,3,1,6,6,7,8,7,"Japan",38500,NA,302,288,124,5.7,"gas",1,2.5,4,"auto",38,1,0,16,34,50,"2021 Toyota RAV4 Prime",FALSE
"422",2021,"Volkswagen","ID.4",5,1,3,2,4,8,6,6,8,7,"Germany",39995,NA,201,229,99,7.5,"electric",0,NA,NA,"auto",107,1,NA,15,35,50,"2021 Volkswagen ID.4",FALSE
"423",2018,"Porsche","Cayenne Camera Car",3,1,5,4,8,7,6,7,2,7,"Germany",65900,NA,335,332,152,5.9,"gas",0,3,6,"auto",19,1,1,21,29,50,"2018 Porsche Cayenne Camera Car",FALSE
"424",2021,"Chrysler","Pacifica Pinnacle",5,1,3,1,1,8,7,6,10,8,"USA",53550,NA,287,262,118,7.3,"gas",0,3.6,6,"auto",19,1,0,11,39,50,"2021 Chrysler Pacifica Pinnacle",FALSE
"425",2021,"Toyota","Sienna Platinum",5,1,3,1,1,8,6,7,10,8,"USA",50690,NA,243,176,116,7.7,"gas",1,2.5,4,"auto",36,1,0,11,39,50,"2021 Toyota Sienna Platinum",FALSE
"426",2020,"GMC","Sierra Harley Davidson",5,4,2,2,4,7,7,6,8,5,"USA",94995,NA,420,460,115,6.5,"gas",0,6.2,8,"auto",14,1,0,17,33,50,"2020 GMC Sierra Harley Davidson",FALSE
"427",2019,"Cadillac","XT4",6,1,4,2,3,7,7,6,7,7,"USA",34995,NA,237,258,125,6.6,"gas",0,2,4,"auto",24,1,1,16,34,50,"2019 Cadillac XT4",FALSE
"428",2004,"Dodge","Ram SRT-10",5,6,3,6,6,3,5,6,4,6,"USA",47995,NA,500,525,154,4.9,"gas",0,8.3,10,"manual",9,0,0,26,24,50,"2004 Dodge Ram SRT-10",FALSE
"429",2019,"GMC","Sierra Denali",5,4,2,1,4,7,7,6,8,6,"USA",56200,NA,420,460,120,6.5,"gas",0,6.2,8,"auto",15,1,0,16,34,50,"2019 GMC Sierra Denali",FALSE
"430",2015,"Kia","K900",4,5,4,4,3,6,7,7,5,5,"South Korea",54500,NA,420,376,150,5.5,"gas",0,5,8,"auto",17,1,0,20,30,50,"2015 Kia K900",FALSE
"431",2019,"Toyota","Tacoma TRD Pro",6,1,3,5,5,5,5,7,6,7,"Japan",42960,NA,278,265,115,7.7,"gas",0,3.5,6,"auto",18,1,0,20,30,50,"2019 Toyota Tacoma TRD Pro",FALSE
"432",2016,"USSV","Rhino GX",5,1,2,6,7,6,5,6,7,4,"USA",195000,NA,440,420,100,8,"gas",0,6.8,8,"auto",12,1,0,21,28,49,"2016 USSV Rhino GX",FALSE
"433",2020,"Suzuki","Jimny",7,1,3,7,7,4,3,6,4,7,"Japan",25000,NA,100,107,90,10,"gas",0,1.5,4,"manual",28,1,0,25,24,49,"2020 Suzuki Jimny",FALSE
"434",2021,"Toyota","Mirai",5,1,4,2,4,7,7,8,5,6,"Japan",49000,NA,182,221,108,9.2,"hydrogen",0,NA,NA,"auto",74,1,NA,16,33,49,"2021 Toyota Mirai",FALSE
"435",2021,"GMC","Yukon Denali Diesel",5,1,3,1,3,7,7,7,9,6,"USA",68295,NA,277,460,120,7.8,"diesel",0,3,6,"auto",21,1,0,13,36,49,"2021 GMC Yukon Denali Diesel",FALSE
"436",2021,"Ford","F-150 King Ranch",5,3,2,1,3,7,7,6,8,7,"USA",56750,NA,400,430,120,6.2,"gas",0,3.5,6,"auto",17,1,1,14,35,49,"2021 Ford F-150 King Ranch",FALSE
"437",2020,"Toyota","Highlander Platinum",5,1,3,1,1,8,7,8,9,6,"Japan",46910,NA,295,263,114,7.2,"gas",0,3.5,6,"auto",20,1,0,11,38,49,"2020 Toyota Highlander Platinum",FALSE
"438",2020,"Hyundai","Palisade Limited",5,1,3,1,1,7,7,7,9,8,"South Korea",45200,NA,291,262,130,7,"gas",0,3.8,6,"auto",19,1,0,11,38,49,"2020 Hyundai Palisade Limited",FALSE
"439",2017,"Honda","Odyssey Elite",5,1,3,1,1,8,6,7,9,8,"USA",45225,NA,280,262,118,7.6,"gas",0,3.5,6,"auto",19,1,0,11,38,49,"2017 Honda Odyssey Elite",FALSE
"440",1997,"Lexus","LX450 (Land Cruiser)",6,1,3,4,5,3,4,7,8,8,"Japan",48900,NA,212,275,105,9,"gas",0,4.5,6,"auto",13,0,0,19,30,49,"1997 Lexus LX450 (Land Cruiser)",FALSE
"441",2005,"Dodge","Neon SRT-4",5,4,5,6,5,3,4,5,5,7,"USA",20995,NA,215,245,153,5.8,"gas",0,2.4,4,"manual",22,0,1,25,24,49,"2005 Dodge Neon SRT-4",FALSE
"442",2001,"Audi","TT Roadster",8,3,6,6,5,3,4,6,2,6,"Germany",32950,NA,180,173,130,7.4,"gas",0,1.8,4,"manual",22,0,1,28,21,49,"2001 Audi TT Roadster",FALSE
"443",2010,"Toyota","FJ Cruiser",5,1,3,7,4,4,5,7,6,7,"Japan",25195,NA,260,271,110,7.8,"gas",0,4,6,"auto",17,0,0,20,29,49,"2010 Toyota FJ Cruiser",FALSE
"444",2006,"Hummer","H1 Alpha",6,1,2,8,7,3,3,7,6,6,"USA",139771,NA,300,520,85,10.5,"diesel",0,6.6,8,"auto",13,0,1,24,25,49,"2006 Hummer H1 Alpha",FALSE
"445",2018,"Peugeot","3008",5,1,4,2,5,6,6,5,8,7,"France",30000,NA,165,221,117,8,"gas",0,1.6,4,"auto",30,1,1,17,32,49,"2018 Peugeot 3008",FALSE
"446",2019,"Dodge","Ram 1500",5,3,2,1,3,7,7,6,8,7,"USA",31995,NA,305,269,118,7,"gas",0,3.6,6,"auto",20,1,0,14,35,49,"2019 Dodge Ram 1500",FALSE
"447",1987,"Aston Martin","Lagonda",4,1,5,5,10,3,6,4,5,6,"UK",150000,NA,305,336,143,7.5,"gas",0,5.3,8,"auto",11,0,0,25,24,49,"1987 Aston Martin Lagonda",FALSE
"448",1992,"Ferrari","348ts",6,4,6,7,7,2,3,5,2,7,"Italy",104000,NA,286,238,171,5.6,"gas",0,3.4,8,"manual",13,0,0,30,19,49,"1992 Ferrari 348ts",FALSE
"449",1973,"Lamborghini","Espada",4,1,6,6,8,2,6,5,4,7,"Italy",21000,NA,325,276,155,7,"gas",0,3.9,12,"manual",12,0,0,25,24,49,"1973 Lamborghini Espada",FALSE
"450",2022,"Honda","Civic Si",5,2,5,5,4,5,5,6,5,6,"Japan",27500,NA,200,192,137,6.8,"gas",0,1.5,4,"manual",27,1,1,21,27,48,"2022 Honda Civic Si",FALSE
"451",2022,"Hyundai","Tucson Hybrid",6,1,3,1,2,7,6,7,8,7,"South Korea",29700,NA,226,258,116,7.1,"gas",1,1.6,4,"auto",38,1,1,13,35,48,"2022 Hyundai Tucson Hybrid",FALSE
"452",2022,"Subaru","Outback Wilderness",4,3,3,2,1,6,7,7,8,7,"Japan",36995,NA,260,277,117,7,"gas",0,2.4,4,"auto",22,1,1,13,35,48,"2022 Subaru Outback Wilderness",FALSE
"453",2022,"Nissan","Pathfinder",5,1,3,1,1,7,7,7,9,7,"Japan",34980,NA,284,259,119,7,"gas",0,3.5,6,"auto",20,1,0,11,37,48,"2022 Nissan Pathfinder",FALSE
"454",1988,"Fiat","Multipla",3,1,4,5,7,3,5,5,9,6,"Italy",12000,NA,90,100,95,10.5,"gas",0,1.1,4,"manual",30,0,0,20,28,48,"1988 Fiat Multipla",FALSE
"455",1989,"LaForza","LaForza",6,1,3,4,6,3,6,6,7,6,"Italy",45000,NA,305,325,110,8.5,"gas",0,4.9,8,"auto",12,0,0,20,28,48,"1989 LaForza LaForza",FALSE
"456",1993,"Porsche","968 Clubsport",6,4,5,6,7,2,4,6,3,5,"Germany",45000,NA,237,225,156,6,"gas",0,3,4,"manual",18,0,0,28,20,48,"1993 Porsche 968 Clubsport",FALSE
"457",2012,"Fisker","Karma",5,4,4,3,6,5,6,5,4,6,"USA",102000,NA,403,981,125,5.9,"gas",1,2,4,"auto",20,0,1,22,26,48,"2012 Fisker Karma",FALSE
"458",2016,"Jeep","Wrangler 6x6",6,1,6,6,7,4,4,3,6,5,"USA",100000,NA,285,260,100,8,"gas",0,3.6,6,"auto",16,1,0,26,22,48,"2016 Jeep Wrangler 6x6",FALSE
"459",1990,"Bentley","Turbo R",5,2,3,4,5,3,9,6,5,6,"UK",195000,NA,300,486,135,7.5,"gas",0,6.75,8,"auto",11,0,1,19,29,48,"1990 Bentley Turbo R",FALSE
"460",2020,"Subaru","Outback XT",5,3,3,1,1,6,7,7,8,7,"Japan",34995,NA,260,277,130,7,"gas",0,2.4,4,"auto",22,1,1,13,35,48,"2020 Subaru Outback XT",FALSE
"461",1987,"Buick","Grand National",8,2,4,5,7,2,5,4,4,7,"USA",24990,NA,245,355,150,5.5,"gas",0,3.8,6,"auto",17,0,1,26,22,48,"1987 Buick Grand National",FALSE
"462",2019,"Mazda","Mazda3 Sedan",6,2,5,3,3,6,5,6,5,7,"Japan",21320,NA,186,186,130,7.5,"gas",0,2.5,4,"auto",27,1,0,19,29,48,"2019 Mazda Mazda3 Sedan",FALSE
"463",1981,"Ferrari","512BB Boxer",8,4,6,6,8,2,2,4,2,6,"Italy",85000,NA,340,302,175,6,"gas",0,5,12,"manual",11,0,0,32,16,48,"1981 Ferrari 512BB Boxer",FALSE
"464",1971,"Maserati","Ghibli SS",8,3,5,6,8,2,5,4,2,5,"Italy",20000,NA,335,354,170,6.8,"gas",0,4.9,8,"manual",12,0,0,30,18,48,"1971 Maserati Ghibli SS",FALSE
"465",2020,"Ford","Escape Hybrid",5,1,3,1,1,8,6,6,8,8,"USA",28035,NA,200,155,117,8,"gas",1,2.5,4,"auto",41,1,0,11,36,47,"2020 Ford Escape Hybrid",FALSE
"466",2006,"Citron","C6",4,1,3,4,6,5,7,6,5,6,"France",45000,NA,208,280,142,7.5,"gas",0,3,6,"auto",22,0,0,18,29,47,"2006 Citron C6",FALSE
"467",2019,"Subaru","Ascent",5,1,3,1,1,6,7,7,9,7,"Japan",31995,NA,260,277,130,7.4,"gas",0,2.4,4,"auto",21,1,1,11,36,47,"2019 Subaru Ascent",FALSE
"468",2021,"Ford","Ranger Tremor",6,2,3,4,4,6,5,6,6,5,"USA",41375,NA,270,310,110,7.3,"gas",0,2.3,4,"auto",19,1,1,19,28,47,"2021 Ford Ranger Tremor",FALSE
"469",2021,"Toyota","Venza Limited",5,1,3,1,1,8,7,7,8,6,"Japan",40425,NA,219,176,118,7.6,"gas",1,2.5,4,"auto",40,1,0,11,36,47,"2021 Toyota Venza Limited",FALSE
"470",2022,"Chevrolet","Bolt EUV",5,2,3,2,3,8,5,5,7,7,"USA",33300,NA,200,266,100,7,"electric",0,NA,NA,"auto",115,1,NA,15,32,47,"2022 Chevrolet Bolt EUV",FALSE
"471",2000,"Toyota","4Runner",5,1,3,3,5,3,4,7,8,8,"Japan",27470,NA,183,220,105,9,"gas",0,3.4,6,"auto",17,0,0,17,30,47,"2000 Toyota 4Runner",FALSE
"472",2021,"Kia","Sorento SX X-Line",5,1,3,1,1,7,7,7,8,7,"South Korea",40990,NA,281,311,130,6.8,"gas",0,2.5,4,"auto",22,1,1,11,36,47,"2021 Kia Sorento SX X-Line",FALSE
"473",2021,"Kia","K5 EX",6,1,4,1,1,8,6,7,6,7,"South Korea",27990,NA,180,195,130,7.8,"gas",0,1.6,4,"auto",27,1,1,13,34,47,"2021 Kia K5 EX",FALSE
"474",2020,"Toyota","C-HR",5,1,3,2,3,6,6,7,7,7,"Japan",21395,NA,144,139,105,10,"gas",0,2,4,"auto",27,1,0,14,33,47,"2020 Toyota C-HR",FALSE
"475",1996,"Chevrolet","Impela SS",7,1,4,4,6,2,6,5,5,7,"USA",24995,NA,260,330,142,6.5,"gas",0,5.7,8,"auto",17,0,0,22,25,47,"1996 Chevrolet Impela SS",FALSE
"476",2020,"GMC","Sierra 3500 Denali",5,1,2,1,4,7,7,6,8,6,"USA",64995,NA,445,910,110,8.5,"diesel",0,6.6,8,"auto",18,1,1,13,34,47,"2020 GMC Sierra 3500 Denali",FALSE
"477",1999,"Bentley","Limo",4,1,2,4,6,4,10,6,5,5,"UK",150000,NA,400,560,130,7.5,"gas",0,6.75,8,"auto",11,0,1,17,30,47,"1999 Bentley Limo",FALSE
"478",1999,"Mercedes-Benz","G500 Cabriolet",4,1,4,7,7,4,6,6,4,4,"Germany",100000,NA,292,336,116,7.8,"gas",0,5,8,"auto",13,0,0,23,24,47,"1999 Mercedes-Benz G500 Cabriolet",FALSE
"479",2019,"Toyota","RAV4",5,1,3,1,1,6,6,7,8,9,"Japan",25950,NA,203,184,119,8,"gas",0,2.5,4,"auto",27,1,0,11,36,47,"2019 Toyota RAV4",FALSE
"480",2001,"Acura","Integra Type-R",5,2,6,6,6,2,4,6,4,6,"Japan",23950,NA,195,134,140,6.7,"gas",0,1.8,4,"manual",25,0,0,25,22,47,"2001 Acura Integra Type-R",FALSE
"481",1990,"Mitsubishi","Eclipse GSX",6,2,5,6,6,2,5,5,4,6,"Japan",14995,NA,195,205,140,6.6,"gas",0,2,4,"manual",20,0,1,25,22,47,"1990 Mitsubishi Eclipse GSX",FALSE
"482",2006,"Land Rover","Range Rover",6,1,4,3,3,4,7,4,9,6,"UK",74995,NA,300,315,121,7.5,"gas",0,4.4,8,"auto",14,0,0,17,30,47,"2006 Land Rover Range Rover",FALSE
"483",1996,"Rolls-Royce","Silver Spur",4,1,3,4,5,3,10,6,5,6,"UK",189900,NA,325,364,135,8,"gas",0,6.75,8,"auto",11,0,0,17,30,47,"1996 Rolls-Royce Silver Spur",FALSE
"484",2003,"Mercury","Marauder",6,1,4,5,5,3,6,5,5,6,"USA",34495,NA,302,318,140,6.8,"gas",0,4.6,8,"auto",16,0,0,21,25,46,"2003 Mercury Marauder",FALSE
"485",1992,"Suzuki","Cappuccino",6,1,7,6,6,2,3,6,2,7,"Japan",15000,NA,64,77,87,11,"gas",0,0.66,3,"manual",35,0,1,26,20,46,"1992 Suzuki Cappuccino",FALSE
"486",2022,"Ford","Maverick XLT",6,3,3,2,3,5,5,6,6,7,"USA",23565,NA,191,155,112,7.8,"gas",0,2,4,"auto",29,1,1,17,29,46,"2022 Ford Maverick XLT",FALSE
"487",2022,"Hyundai","Santa Cruz",5,2,3,2,4,6,6,7,6,5,"South Korea",23990,NA,191,181,120,8,"gas",0,2.5,4,"auto",23,1,0,16,30,46,"2022 Hyundai Santa Cruz",FALSE
"488",1990,"Mosler","Consulier GTP",4,5,7,7,6,2,3,4,2,6,"USA",55000,NA,220,230,160,6.5,"gas",0,2.2,4,"manual",20,0,1,29,17,46,"1990 Mosler Consulier GTP",FALSE
"489",2014,"Volkswagen","XL1",6,1,4,6,7,4,4,6,3,5,"Germany",145000,NA,47,103,99,11,"diesel",1,0.8,2,"auto",261,0,1,24,22,46,"2014 Volkswagen XL1",FALSE
"490",2020,"Mazda","CX-30",6,1,4,2,2,6,6,6,7,6,"Japan",21900,NA,186,186,126,8,"gas",0,2.5,4,"auto",26,1,0,15,31,46,"2020 Mazda CX-30",FALSE
"491",1986,"Citron","CX25 Prestige",4,1,3,4,6,4,7,6,5,6,"France",25000,NA,138,128,120,9.5,"gas",0,2.5,4,"manual",22,0,0,18,28,46,"1986 Citron CX25 Prestige",FALSE
"492",2017,"Chevrolet","Bolt",5,3,3,2,3,6,5,5,7,7,"USA",36620,NA,200,266,91,6.5,"electric",0,NA,NA,"auto",119,1,NA,16,30,46,"2017 Chevrolet Bolt",FALSE
"493",2004,"Mercedes-Benz","Unimog U500 Crew Cab",6,1,1,6,9,3,4,6,3,7,"Germany",150000,NA,280,664,70,12,"diesel",0,6.4,6,"auto",15,0,1,23,23,46,"2004 Mercedes-Benz Unimog U500 Crew Cab",FALSE
"494",2000,"Honda","S2000 2Fast 2Furious",6,1,7,6,8,3,4,4,1,6,"Japan",31950,NA,240,153,150,6.4,"gas",0,2,4,"manual",20,0,0,28,18,46,"2000 Honda S2000 2Fast 2Furious",FALSE
"495",1994,"Mercedes-Benz","S500 (W14)",5,1,3,2,4,4,7,8,5,7,"Germany",89900,NA,315,347,155,6.8,"gas",0,5,8,"auto",15,0,0,15,31,46,"1994 Mercedes-Benz S500 (W14)",FALSE
"496",1987,"Mercedes-Benz","190E 2.3-16",5,1,5,5,5,2,5,6,5,7,"Germany",39000,NA,185,168,143,7.2,"gas",0,2.3,4,"manual",20,0,0,21,25,46,"1987 Mercedes-Benz 190E 2.3-16",FALSE
"497",1991,"Mercedes-Benz","560SEL",5,1,2,3,5,3,7,9,5,6,"Germany",74900,NA,295,317,140,7.5,"gas",0,5.6,8,"auto",14,0,0,16,30,46,"1991 Mercedes-Benz 560SEL",FALSE
"498",2006,"Subaru","Baja Turbo",4,2,5,4,5,3,5,6,6,6,"Japan",24995,NA,210,235,135,6.9,"gas",0,2.5,4,"manual",20,0,1,20,26,46,"2006 Subaru Baja Turbo",FALSE
"499",2019,"Dodge","Ram 2500 HD",5,1,2,1,3,7,7,6,8,6,"USA",49995,NA,410,429,120,7.5,"gas",0,6.4,8,"auto",14,1,0,12,34,46,"2019 Dodge Ram 2500 HD",FALSE
"500",2019,"Honda","Passport",5,2,3,1,1,7,6,7,9,5,"Japan",31990,NA,280,262,112,7.5,"gas",0,3.5,6,"auto",20,1,0,12,34,46,"2019 Honda Passport",FALSE
"501",2015,"BMW","i3",6,2,4,4,5,5,6,6,6,2,"Germany",42400,NA,170,184,93,7.2,"electric",0,NA,NA,"auto",124,1,NA,21,25,46,"2015 BMW i3",FALSE
"502",1990,"BMW","Z1",6,1,5,8,7,2,3,6,2,6,"Germany",58000,NA,168,164,140,8,"gas",0,2.5,6,"manual",22,0,0,27,19,46,"1990 BMW Z1",FALSE
"503",1993,"Jeep","Wrangler Renegade",6,1,4,7,5,2,3,6,4,8,"USA",15995,NA,180,190,100,9,"gas",0,4,6,"manual",17,0,0,23,23,46,"1993 Jeep Wrangler Renegade",FALSE
"504",2017,"Ford","F-250 Platinum",4,2,2,1,3,6,7,7,8,6,"USA",62945,NA,440,925,110,8.5,"diesel",0,6.7,8,"auto",16,1,1,12,34,46,"2017 Ford F-250 Platinum",FALSE
"505",2020,"Hyundai","Sonata Limited",4,1,4,1,1,9,6,7,6,7,"South Korea",33600,NA,191,181,130,8,"gas",0,1.6,4,"auto",28,1,1,11,35,46,"2020 Hyundai Sonata Limited",FALSE
"506",1993,"GMC","Typhoon",6,5,3,4,6,2,4,4,5,6,"USA",29900,NA,280,360,124,5.3,"gas",0,4.3,6,"auto",14,0,1,24,21,45,"1993 GMC Typhoon",FALSE
"507",2019,"Kia","Niro EV",5,1,3,1,2,7,5,6,7,8,"South Korea",38500,NA,201,291,103,6.8,"electric",0,NA,NA,"auto",112,1,NA,12,33,45,"2019 Kia Niro EV",FALSE
"508",2022,"Nissan","Frontier Pro-4X",6,1,3,4,3,5,5,6,6,6,"Japan",37440,NA,310,281,112,7.3,"gas",0,3.8,6,"auto",18,1,0,17,28,45,"2022 Nissan Frontier Pro-4X",FALSE
"509",2020,"Chevrolet","Blazer",5,3,3,1,1,6,6,6,8,6,"USA",28800,NA,308,270,130,6.3,"gas",0,3.6,6,"auto",20,1,0,13,32,45,"2020 Chevrolet Blazer",FALSE
"510",1985,"Lamborghini","Jalpa",6,3,5,7,7,2,3,3,2,7,"Italy",65000,NA,255,231,155,6.8,"gas",0,3.5,8,"manual",12,0,0,28,17,45,"1985 Lamborghini Jalpa",FALSE
"511",1993,"Autozam","AZ-1",5,1,7,6,7,2,2,6,2,7,"Japan",12000,NA,64,77,87,11,"gas",0,0.66,3,"manual",35,0,1,26,19,45,"1993 Autozam AZ-1",FALSE
"512",1993,"Alfa Romeo","RZ",4,2,6,6,8,2,4,5,2,6,"Italy",45000,NA,210,207,143,7,"gas",0,3,6,"manual",18,0,0,26,19,45,"1993 Alfa Romeo RZ",FALSE
"513",2019,"Suzuki","Swift Boosterjet",6,1,4,3,3,5,5,6,5,7,"Japan",17000,NA,138,170,122,7.5,"gas",0,1.4,4,"manual",32,1,1,17,28,45,"2019 Suzuki Swift Boosterjet",FALSE
"514",2001,"Toyota","MR2 Spyder",5,1,7,6,4,3,3,7,2,7,"Japan",23995,NA,138,125,129,7.8,"gas",0,1.8,4,"manual",25,0,0,23,22,45,"2001 Toyota MR2 Spyder",FALSE
"515",2019,"Chevrolet","Colorado ZR2",6,1,3,4,5,5,5,5,6,5,"USA",40995,NA,308,275,110,7,"gas",0,3.6,6,"auto",17,1,0,19,26,45,"2019 Chevrolet Colorado ZR2",FALSE
"516",1991,"Lamborghini","LM002",5,1,4,5,9,3,4,4,4,6,"Italy",158000,NA,444,382,118,7.2,"gas",0,5.2,12,"auto",10,0,0,24,21,45,"1991 Lamborghini LM002",FALSE
"517",1991,"Honda","Beat",6,1,5,5,6,3,3,6,2,7,"Japan",13000,NA,64,44,84,12,"gas",0,0.66,3,"manual",39,0,0,23,21,44,"1991 Honda Beat",FALSE
"518",1985,"Audi","5000 Tresser",6,1,3,3,6,3,7,5,5,5,"Germany",25000,NA,130,142,115,9.5,"gas",0,2.2,5,"manual",22,0,1,19,25,44,"1985 Audi 5000 Tresser",FALSE
"519",2021,"Honda","Ridgeline HPD",5,1,3,2,3,6,6,7,6,5,"Japan",38920,NA,280,262,112,7.3,"gas",0,3.5,6,"auto",19,1,0,14,30,44,"2021 Honda Ridgeline HPD",FALSE
"520",1997,"Toyota","Previa S/C All-Trac",4,1,3,2,4,3,5,6,9,7,"Japan",29995,NA,158,180,105,9.5,"gas",0,2.4,4,"auto",17,0,1,14,30,44,"1997 Toyota Previa S/C All-Trac",FALSE
"521",2020,"Volkswagen","Jetta SEL Premium",5,1,3,1,2,7,6,7,5,7,"Germany",25995,NA,147,184,127,8,"gas",0,1.4,4,"auto",30,1,1,12,32,44,"2020 Volkswagen Jetta SEL Premium",FALSE
"522",2009,"Chevrolet","HHR SS Panel",4,3,4,4,5,3,5,4,6,6,"USA",25995,NA,260,260,155,6,"gas",0,2,4,"manual",21,0,1,20,24,44,"2009 Chevrolet HHR SS Panel",FALSE
"523",2013,"Mini","Clubvan",5,1,5,3,3,4,5,6,6,6,"UK",25995,NA,121,114,115,8.9,"gas",0,1.6,4,"auto",27,0,0,17,27,44,"2013 Mini Clubvan",FALSE
"524",1992,"Subaru","SVX",6,1,5,4,6,2,5,4,4,7,"Japan",24995,NA,230,228,143,7.3,"gas",0,3.3,6,"auto",17,0,0,22,22,44,"1992 Subaru SVX",FALSE
"525",2019,"Chevrolet","Silverado Trail Boss",5,2,2,2,3,5,6,5,8,6,"USA",48995,NA,355,383,113,6.6,"gas",0,5.3,8,"auto",16,1,0,14,30,44,"2019 Chevrolet Silverado Trail Boss",FALSE
"526",2004,"Chevrolet","SSR",5,1,4,6,5,3,5,5,4,6,"USA",41995,NA,300,331,130,7,"gas",0,5.3,8,"auto",15,0,0,21,23,44,"2004 Chevrolet SSR",FALSE
"527",1977,"Cadillac","Eldorado",5,1,2,5,6,2,8,5,4,6,"USA",11500,NA,180,275,110,9,"gas",0,7,8,"auto",12,0,0,19,25,44,"1977 Cadillac Eldorado",FALSE
"528",2001,"Jeep","Cherokee XJ",7,1,3,2,4,2,4,6,7,7,"USA",20995,NA,190,225,112,8,"gas",0,4,6,"auto",16,0,0,17,26,43,"2001 Jeep Cherokee XJ",FALSE
"529",2019,"Ford","Ranger",5,2,3,2,3,6,5,5,6,6,"USA",24300,NA,270,310,110,7,"gas",0,2.3,4,"auto",21,1,1,15,28,43,"2019 Ford Ranger",FALSE
"530",1991,"BMW","750iL (E32)",5,1,3,3,4,3,7,6,5,6,"Germany",82000,NA,295,332,155,7.5,"gas",0,5,12,"auto",13,0,0,16,27,43,"1991 BMW 750iL (E32)",FALSE
"531",1993,"Cadillac","Allante",5,2,4,4,5,3,6,6,2,6,"USA",59995,NA,200,270,140,7.5,"gas",0,4.6,8,"auto",15,0,0,20,23,43,"1993 Cadillac Allante",FALSE
"532",1991,"Honda","Civic Si",4,1,4,4,6,2,4,6,6,6,"Japan",10995,NA,108,92,115,8.5,"gas",0,1.6,4,"manual",30,0,0,19,24,43,"1991 Honda Civic Si",FALSE
"533",2021,"Hyundai","Venue",5,1,3,1,1,6,6,6,7,7,"South Korea",18900,NA,121,113,110,9.5,"gas",0,1.6,4,"auto",30,1,0,11,32,43,"2021 Hyundai Venue",FALSE
"534",1989,"Cadillac","Brougham d'Elegance",5,1,2,3,5,3,7,6,4,7,"USA",26995,NA,155,245,115,9,"gas",0,5,8,"auto",15,0,0,16,27,43,"1989 Cadillac Brougham d'Elegance",FALSE
"535",1991,"Toyota","Sera",5,1,3,5,7,2,4,6,3,7,"Japan",14000,NA,108,110,112,9,"gas",0,1.5,4,"manual",30,0,0,21,22,43,"1991 Toyota Sera",FALSE
"536",1994,"Acura","Legend Coupe",5,1,4,3,4,3,6,7,4,6,"Japan",33900,NA,230,210,140,7,"gas",0,3.2,6,"auto",18,0,0,17,26,43,"1994 Acura Legend Coupe",FALSE
"537",1999,"Plymouth","Prowler",6,4,5,5,6,2,4,5,1,5,"USA",39975,NA,253,255,126,7.2,"gas",0,3.5,6,"auto",20,0,0,26,17,43,"1999 Plymouth Prowler",FALSE
"538",1990,"Lexus","LS 400",4,1,3,2,4,3,7,7,5,7,"Japan",35000,NA,250,256,140,7.8,"gas",0,4,8,"auto",18,0,0,14,29,43,"1990 Lexus LS 400",FALSE
"539",2005,"Maserati","Quattroporte",4,5,6,2,5,4,5,3,5,4,"Italy",96900,NA,400,332,171,5.2,"gas",0,4.2,8,"auto",13,0,0,22,21,43,"2005 Maserati Quattroporte",FALSE
"540",1986,"Nissan","Maxima",5,1,3,2,6,3,6,6,5,6,"Japan",16995,NA,152,167,120,8.5,"gas",0,3,6,"auto",20,0,0,17,26,43,"1986 Nissan Maxima",FALSE
"541",2000,"Ford","Excursion V10",4,1,2,1,4,3,5,6,9,7,"USA",37995,NA,310,425,100,9.5,"gas",0,6.8,10,"auto",12,0,0,12,30,42,"2000 Ford Excursion V10",FALSE
"542",2004,"Ford","Thunderbird",6,3,4,4,3,3,6,5,3,5,"USA",37995,NA,280,286,130,7,"gas",0,3.9,8,"auto",17,0,0,20,22,42,"2004 Ford Thunderbird",FALSE
"543",1998,"Lincoln","Navigator",4,1,2,1,3,3,7,6,8,7,"USA",42995,NA,230,325,112,8.5,"gas",0,5.4,8,"auto",13,0,0,11,31,42,"1998 Lincoln Navigator",FALSE
"544",2005,"Lincoln","Town Car",4,1,3,1,3,3,8,7,5,7,"USA",42175,NA,239,287,110,8,"gas",0,4.6,8,"auto",17,0,0,12,30,42,"2005 Lincoln Town Car",FALSE
"545",1987,"Pontiac","Fiero GT",5,1,5,6,5,2,5,5,2,6,"USA",16995,NA,140,170,120,8,"gas",0,2.8,6,"manual",20,0,0,22,20,42,"1987 Pontiac Fiero GT",FALSE
"546",2002,"Hyundai","Equus",4,1,3,2,4,3,7,6,5,7,"South Korea",40000,NA,194,218,130,8.5,"gas",0,3.5,6,"auto",17,0,0,14,28,42,"2002 Hyundai Equus",FALSE
"547",1990,"Mitsubishi","Sigma",4,1,3,2,5,3,6,6,5,6,"Japan",17995,NA,142,157,120,9,"gas",0,3,6,"auto",19,0,0,15,26,41,"1990 Mitsubishi Sigma",FALSE
"548",1996,"Chevrolet","Suburban",6,1,2,1,4,2,5,4,9,7,"USA",25995,NA,250,330,100,9.5,"gas",0,5.7,8,"auto",13,0,0,14,27,41,"1996 Chevrolet Suburban",FALSE
"549",1989,"Buick","Reatta",4,1,4,4,4,4,6,6,2,6,"USA",25995,NA,165,210,125,8.5,"gas",0,3.8,6,"auto",18,0,0,17,24,41,"1989 Buick Reatta",FALSE
"550",2008,"Chevrolet","Tahoe Hybrid",5,1,2,1,2,3,6,6,9,6,"USA",49995,NA,332,367,110,8,"gas",1,6,8,"auto",20,0,0,11,30,41,"2008 Chevrolet Tahoe Hybrid",FALSE
"551",2011,"Saab","9-5",6,1,4,2,4,4,5,5,5,5,"Sweden",39995,NA,300,258,140,6.5,"gas",0,2,4,"auto",20,0,1,17,24,41,"2011 Saab 9-5",FALSE
"552",1988,"Jaguar","XJS V12",6,1,4,4,5,2,6,3,4,6,"UK",52995,NA,263,290,140,7.5,"gas",0,5.3,12,"auto",12,0,0,20,21,41,"1988 Jaguar XJS V12",FALSE
"553",2018,"Nissan","Titan XD Platinum Reserve",4,1,2,1,3,6,6,6,8,4,"Japan",57990,NA,390,394,120,7.5,"gas",0,5.6,8,"auto",13,1,0,11,30,41,"2018 Nissan Titan XD Platinum Reserve",FALSE
"554",2022,"Honda","Civic EX Sedan",5,1,3,1,1,6,5,6,5,7,"Japan",24450,NA,158,138,120,8.5,"gas",0,2,4,"auto",31,1,0,11,29,40,"2022 Honda Civic EX Sedan",FALSE
"555",1987,"Dodge","Camper Van",3,1,2,1,4,4,5,5,9,6,"USA",14995,NA,150,200,100,10,"gas",0,3.9,6,"auto",15,0,0,11,29,40,"1987 Dodge Camper Van",FALSE
"556",2002,"Lincoln","Blackwood",4,1,2,2,5,3,6,6,5,6,"USA",51995,NA,300,355,112,8,"gas",0,5.4,8,"auto",14,0,0,14,26,40,"2002 Lincoln Blackwood",FALSE
"557",2007,"Chrysler","PT Cruiser GT",3,3,3,4,2,3,5,4,7,6,"USA",29995,NA,215,245,130,7,"gas",0,2.4,4,"manual",19,0,1,15,25,40,"2007 Chrysler PT Cruiser GT",FALSE
"558",1985,"Oldsmobile","Custom Cruiser",4,1,2,2,5,2,5,5,7,7,"USA",15995,NA,140,235,105,10,"gas",0,5,8,"auto",15,0,0,14,26,40,"1985 Oldsmobile Custom Cruiser",FALSE
"559",2017,"Land Rover","Evoque Convertible",3,1,4,3,4,6,7,6,3,3,"UK",51900,NA,240,251,135,6.9,"gas",0,2,4,"auto",21,1,1,15,25,40,"2017 Land Rover Evoque Convertible",FALSE
"560",2004,"Pontiac","Aztek",2,1,3,1,4,3,5,4,10,7,"USA",21995,NA,185,210,110,8.5,"gas",0,3.4,6,"auto",19,0,0,11,29,40,"2004 Pontiac Aztek",FALSE
"561",1991,"Subaru","Sambar Van",4,1,2,3,4,3,4,6,6,6,"Japan",10000,NA,48,50,75,12,"gas",0,0.66,4,"manual",35,0,0,14,25,39,"1991 Subaru Sambar Van",FALSE
"562",2003,"Smart","Crossblade",6,1,3,6,6,2,3,5,1,6,"Germany",35000,NA,70,74,84,11,"gas",0,0.6,3,"auto",38,0,1,22,17,39,"2003 Smart Crossblade",FALSE
"563",2016,"Ford","F-650",5,1,2,4,6,3,4,7,3,4,"USA",57900,NA,300,725,75,12,"diesel",0,6.7,6,"auto",12,1,0,18,21,39,"2016 Ford F-650",FALSE
"564",1996,"Oldsmobile","Silhouette",3,1,2,1,4,4,5,4,9,6,"USA",20995,NA,180,205,110,9,"gas",0,3.4,6,"auto",18,0,0,11,28,39,"1996 Oldsmobile Silhouette",FALSE
"565",2020,"Toyota","Corolla Hybrid",4,1,3,1,1,6,5,6,5,7,"Japan",23200,NA,121,105,112,10.5,"gas",1,1.8,4,"auto",52,1,0,10,29,39,"2020 Toyota Corolla Hybrid",FALSE
"566",1973,"Rolls-Royce","Silver Shadow",4,1,2,4,5,2,7,4,4,6,"UK",20000,NA,200,236,120,10,"gas",0,6.75,8,"auto",10,0,0,16,23,39,"1973 Rolls-Royce Silver Shadow",FALSE
"567",1972,"Lamborghini","Jarama GT",3,2,5,5,7,2,3,4,2,6,"Italy",23000,NA,350,276,162,6.8,"gas",0,3.9,12,"manual",12,0,0,22,17,39,"1972 Lamborghini Jarama GT",FALSE
